claim_id,claim_date,customer_id,region,policy_type,customer_age_band,tenure_years,annual_premium,claim_status,claim_amount
RSK000001,2024-07-02,CUST0247,East,Health,30-44,7,1404.82,Approved,1916.9
RSK000002,2025-03-11,CUST0055,West,Auto,18-29,10,1306.42,Approved,2372.61
RSK000003,2024-08-16,CUST0106,East,Auto,45-59,4,1189.34,Rejected,4375.07
RSK000004,2025-04-24,CUST0039,West,Health,18-29,6,1639.23,Rejected,5197.69
RSK000005,2025-12-20,CUST0274,West,Auto,30-44,12,1335.79,Approved,10155.57
RSK000006,2024-11-28,CUST0056,Central,Health,30-44,2,1215.55,Approved,1463.26
RSK000007,2024-10-11,CUST0124,Central,Health,45-59,11,975.69,Approved,1460.27
RSK000008,2025-06-09,CUST0006,West,Life,45-59,8,1471.87,Approved,2724.15
RSK000009,2025-06-25,CUST0284,South,Auto,18-29,3,1802.53,Pending,5575.23
RSK000010,2025-03-21,CUST0093,North,Auto,45-59,8,1706.76,Approved,3516.58
RSK000011,2025-03-17,CUST0134,West,Auto,30-44,1,1481.86,Approved,1146.22
RSK000012,2024-07-14,CUST0191,Central,Auto,30-44,2,1531.55,Rejected,3256.64
RSK000013,2025-05-05,CUST0047,South,Health,30-44,7,1531.07,Approved,1469.0
RSK000014,2025-12-13,CUST0015,South,Auto,30-44,5,2261.24,Approved,4093.02
RSK000015,2025-11-08,CUST0015,South,Auto,30-44,5,2137.85,Approved,1587.92
RSK000016,2025-12-14,CUST0216,Central,Health,30-44,7,1721.54,Approved,1676.63
RSK000017,2024-07-22,CUST0154,Central,Health,18-29,2,1084.96,Approved,3810.93
RSK000018,2025-08-25,CUST0091,East,Auto,60+,3,1460.25,Rejected,4586.24
RSK000019,2024-11-23,CUST0160,South,Auto,45-59,10,1316.55,Approved,1909.06
RSK000020,2024-08-01,CUST0114,West,Auto,18-29,8,1595.61,Approved,1785.47
RSK000021,2025-09-15,CUST0254,West,Health,30-44,8,1654.79,Approved,3238.69
RSK000022,2024-09-30,CUST0004,North,Property,60+,2,1164.79,Approved,2347.67
RSK000023,2025-07-22,CUST0237,West,Life,30-44,4,1889.34,Approved,553.87
RSK000024,2025-04-07,CUST0004,North,Property,60+,2,1160.24,Pending,8181.73
RSK000025,2025-10-04,CUST0287,North,Auto,30-44,8,856.02,Pending,2805.75
RSK000026,2025-12-22,CUST0033,West,Health,60+,2,1604.98,Approved,3343.2
RSK000027,2025-06-23,CUST0139,East,Auto,30-44,4,1773.35,Pending,2651.12
RSK000028,2025-08-05,CUST0046,South,Property,30-44,1,1697.59,Approved,3797.0
RSK000029,2025-04-09,CUST0230,North,Health,45-59,2,2213.01,Approved,1918.86
RSK000030,2024-08-12,CUST0141,East,Life,18-29,2,1422.57,Approved,708.24
RSK000031,2025-06-17,CUST0269,South,Auto,45-59,12,1301.16,Rejected,4258.75
RSK000032,2024-11-03,CUST0215,East,Property,45-59,4,1329.96,Approved,4155.59
RSK000033,2025-10-09,CUST0076,South,Auto,60+,1,1364.26,Approved,9323.09
RSK000034,2025-06-21,CUST0204,Central,Life,60+,8,1769.76,Approved,611.88
RSK000035,2024-07-09,CUST0195,Central,Life,30-44,7,912.79,Approved,2241.95
RSK000036,2024-11-28,CUST0046,South,Property,30-44,1,1842.82,Approved,4117.08
RSK000037,2024-12-01,CUST0154,Central,Health,18-29,2,1022.49,Approved,2656.1
RSK000038,2025-04-23,CUST0022,North,Auto,60+,3,1127.31,Approved,5002.92
RSK000039,2024-12-14,CUST0282,South,Auto,30-44,6,1462.98,Approved,1926.1
RSK000040,2025-04-22,CUST0107,West,Life,30-44,10,1755.9,Approved,1174.35
RSK000041,2025-04-28,CUST0205,South,Property,18-29,5,1374.73,Approved,5838.66
RSK000042,2024-08-11,CUST0080,West,Property,18-29,1,1580.14,Approved,7538.94
RSK000043,2024-11-04,CUST0024,South,Health,18-29,1,2405.63,Approved,2531.6
RSK000044,2025-05-10,CUST0192,East,Property,30-44,9,959.88,Approved,5091.34
RSK000045,2025-06-26,CUST0064,Central,Auto,60+,12,777.41,Approved,7365.22
RSK000046,2024-07-01,CUST0197,West,Life,45-59,3,1451.88,Approved,2335.54
RSK000047,2024-11-19,CUST0009,West,Auto,30-44,6,1987.62,Approved,1478.82
RSK000048,2025-04-17,CUST0288,North,Auto,45-59,7,1660.97,Rejected,2541.72
RSK000049,2025-11-27,CUST0181,Central,Health,18-29,8,1588.02,Approved,3988.78
RSK000050,2024-12-06,CUST0039,West,Health,18-29,6,1479.12,Pending,6802.08
RSK000051,2025-04-04,CUST0274,West,Auto,30-44,12,1265.5,Approved,3394.87
RSK000052,2025-01-18,CUST0134,West,Auto,30-44,1,1645.08,Approved,815.44
RSK000053,2024-09-21,CUST0277,Central,Property,18-29,6,2144.47,Approved,6001.41
RSK000054,2024-08-02,CUST0268,South,Property,18-29,9,1166.69,Approved,5101.92
RSK000055,2025-06-29,CUST0087,East,Health,45-59,7,1925.01,Approved,3134.87
RSK000056,2025-07-31,CUST0235,North,Health,60+,10,1159.49,Approved,2479.1
RSK000057,2024-10-09,CUST0257,South,Auto,45-59,4,2128.41,Pending,2820.05
RSK000058,2025-05-06,CUST0057,South,Property,60+,1,1454.04,Approved,9798.66
RSK000059,2024-12-25,CUST0291,South,Auto,45-59,3,1724.74,Approved,2505.07
RSK000060,2025-05-27,CUST0253,Central,Auto,30-44,5,709.09,Rejected,3022.16
RSK000061,2024-11-20,CUST0153,South,Life,45-59,9,1309.92,Approved,2213.43
RSK000062,2025-01-21,CUST0182,West,Life,18-29,3,1940.44,Approved,2317.96
RSK000063,2025-08-31,CUST0090,South,Property,45-59,3,1399.24,Approved,13217.46
RSK000064,2025-05-05,CUST0195,Central,Life,30-44,7,939.06,Approved,2623.39
RSK000065,2025-05-01,CUST0051,South,Life,30-44,8,1221.59,Approved,1039.0
RSK000066,2025-10-16,CUST0248,West,Health,30-44,7,1110.63,Approved,2862.99
RSK000067,2025-07-20,CUST0174,South,Life,18-29,3,1494.66,Rejected,1832.67
RSK000068,2025-09-21,CUST0109,North,Auto,45-59,11,1301.59,Approved,3450.89
RSK000069,2025-12-22,CUST0174,South,Life,18-29,3,1286.77,Approved,2204.98
RSK000070,2025-05-17,CUST0283,North,Auto,30-44,8,1653.0,Approved,3782.13
RSK000071,2025-07-02,CUST0098,Central,Health,30-44,10,697.92,Approved,4333.28
RSK000072,2025-09-11,CUST0298,Central,Auto,30-44,6,1312.89,Approved,1245.71
RSK000073,2025-08-25,CUST0137,East,Auto,30-44,8,1949.2,Approved,2969.45
RSK000074,2024-07-28,CUST0121,East,Health,45-59,6,1804.83,Pending,1869.85
RSK000075,2025-09-05,CUST0217,South,Life,45-59,3,1093.63,Approved,1579.92
RSK000076,2024-11-21,CUST0248,West,Health,30-44,7,1084.41,Approved,7409.5
RSK000077,2025-05-06,CUST0181,Central,Health,18-29,8,1507.2,Rejected,2428.66
RSK000078,2025-12-07,CUST0181,Central,Health,18-29,8,1531.56,Approved,3401.79
RSK000079,2025-04-27,CUST0174,South,Life,18-29,3,1457.65,Approved,4976.62
RSK000080,2025-08-07,CUST0083,North,Health,18-29,5,1424.38,Approved,1688.97
RSK000081,2024-07-07,CUST0151,East,Life,18-29,11,1009.71,Approved,2209.8
RSK000082,2025-12-13,CUST0246,West,Auto,45-59,7,1064.05,Approved,4430.34
RSK000083,2024-08-25,CUST0246,West,Auto,45-59,7,1025.15,Approved,3250.05
RSK000084,2025-04-03,CUST0098,Central,Health,30-44,10,740.72,Rejected,2869.41
RSK000085,2024-10-18,CUST0027,West,Property,30-44,1,1381.53,Approved,17565.87
RSK000086,2024-10-08,CUST0299,South,Life,18-29,8,1677.3,Rejected,1516.17
RSK000087,2025-11-06,CUST0196,South,Property,60+,4,1578.9,Approved,5932.22
RSK000088,2024-09-01,CUST0036,East,Auto,45-59,5,1964.85,Approved,3487.6
RSK000089,2025-12-06,CUST0256,East,Property,60+,3,1002.78,Approved,10255.45
RSK000090,2024-08-24,CUST0058,South,Health,30-44,4,1809.2,Approved,8905.68
RSK000091,2025-12-11,CUST0100,South,Life,30-44,11,1422.38,Approved,2052.32
RSK000092,2025-11-20,CUST0090,South,Property,45-59,3,1503.02,Approved,4249.23
RSK000093,2024-12-06,CUST0079,North,Auto,60+,2,1947.48,Approved,3559.72
RSK000094,2025-05-15,CUST0141,East,Life,18-29,2,1341.27,Approved,1151.91
RSK000095,2024-07-07,CUST0039,West,Health,18-29,6,1400.34,Rejected,4146.31
RSK000096,2025-01-22,CUST0132,Central,Auto,30-44,1,1671.01,Approved,3270.67
RSK000097,2024-07-01,CUST0239,North,Auto,45-59,9,1536.64,Approved,1068.27
RSK000098,2024-11-01,CUST0232,North,Property,45-59,2,1001.04,Approved,3138.03
RSK000099,2025-03-11,CUST0282,South,Auto,30-44,6,1276.24,Approved,3375.81
RSK000100,2025-10-29,CUST0080,West,Property,18-29,1,1659.15,Approved,4977.36
RSK000101,2025-11-30,CUST0271,South,Health,30-44,8,1740.2,Approved,6708.28
RSK000102,2024-08-26,CUST0138,North,Life,18-29,7,1076.81,Pending,636.19
RSK000103,2025-05-04,CUST0019,West,Auto,45-59,1,1334.55,Approved,663.6
RSK000104,2025-01-05,CUST0106,East,Auto,45-59,4,1172.88,Rejected,3995.18
RSK000105,2025-03-24,CUST0006,West,Life,45-59,8,1639.73,Rejected,3053.96
RSK000106,2025-09-23,CUST0277,Central,Property,18-29,6,2059.23,Rejected,8362.27
RSK000107,2024-11-04,CUST0128,Central,Auto,45-59,12,1129.11,Approved,5792.13
RSK000108,2024-07-23,CUST0061,North,Auto,30-44,3,1742.56,Approved,2618.19
RSK000109,2025-03-04,CUST0143,West,Auto,45-59,4,1529.4,Approved,1611.66
RSK000110,2025-01-22,CUST0034,West,Health,60+,7,1559.58,Approved,4350.89
RSK000111,2025-04-23,CUST0069,North,Health,30-44,2,1222.23,Approved,3893.63
RSK000112,2024-10-11,CUST0158,South,Auto,45-59,7,2065.89,Pending,5921.51
RSK000113,2025-11-17,CUST0262,North,Health,30-44,10,1542.4,Approved,2363.47
RSK000114,2025-04-08,CUST0168,Central,Life,60+,3,1509.56,Approved,1149.62
RSK000115,2024-10-18,CUST0141,East,Life,18-29,2,1341.73,Approved,1781.73
RSK000116,2025-09-09,CUST0143,West,Auto,45-59,4,1372.82,Approved,5007.05
RSK000117,2025-04-17,CUST0200,East,Auto,30-44,7,1944.96,Approved,1605.41
RSK000118,2025-08-03,CUST0251,North,Life,30-44,12,1553.05,Approved,658.08
RSK000119,2025-05-07,CUST0013,West,Life,45-59,10,2300.95,Approved,1359.69
RSK000120,2025-09-29,CUST0053,South,Property,30-44,2,1567.8,Approved,4033.14
RSK000121,2025-06-29,CUST0235,North,Health,60+,10,1173.24,Pending,2524.69
RSK000122,2025-10-23,CUST0266,South,Property,45-59,2,1026.0,Pending,5158.38
RSK000123,2025-10-13,CUST0070,West,Auto,30-44,4,1555.96,Approved,8083.53
RSK000124,2024-12-10,CUST0166,North,Property,30-44,5,2302.9,Approved,2645.24
RSK000125,2025-11-28,CUST0032,South,Health,45-59,8,893.15,Approved,1334.78
RSK000126,2025-12-20,CUST0244,West,Health,18-29,12,1196.55,Approved,4319.1
RSK000127,2024-09-03,CUST0063,South,Property,30-44,6,1860.71,Approved,8739.34
RSK000128,2024-12-03,CUST0179,Central,Property,18-29,4,1133.71,Approved,1784.77
RSK000129,2025-06-13,CUST0248,West,Health,30-44,7,1155.95,Approved,4328.13
RSK000130,2024-11-21,CUST0050,North,Auto,30-44,8,2008.77,Approved,2457.3
RSK000131,2025-05-07,CUST0247,East,Health,30-44,7,1408.35,Pending,1783.88
RSK000132,2024-09-08,CUST0058,South,Health,30-44,4,2007.06,Pending,3708.35
RSK000133,2025-11-08,CUST0202,South,Property,45-59,6,1209.28,Approved,14618.94
RSK000134,2025-10-27,CUST0025,North,Life,60+,9,2211.79,Approved,564.84
RSK000135,2025-01-01,CUST0249,Central,Property,45-59,2,1533.43,Approved,2325.93
RSK000136,2025-12-02,CUST0291,South,Auto,45-59,3,1639.26,Approved,2565.17
RSK000137,2025-12-21,CUST0195,Central,Life,30-44,7,832.83,Approved,2031.41
RSK000138,2025-05-28,CUST0052,Central,Health,30-44,11,1433.68,Approved,1773.99
RSK000139,2025-06-22,CUST0174,South,Life,18-29,3,1435.92,Approved,4074.54
RSK000140,2025-08-18,CUST0023,East,Health,45-59,7,1508.22,Approved,1423.05
RSK000141,2024-07-31,CUST0058,South,Health,30-44,4,1993.73,Rejected,4797.22
RSK000142,2024-12-10,CUST0218,South,Life,30-44,10,1490.19,Approved,5679.38
RSK000143,2024-10-17,CUST0146,East,Life,60+,9,1549.08,Approved,333.89
RSK000144,2025-10-31,CUST0151,East,Life,18-29,11,1175.42,Approved,1814.78
RSK000145,2025-02-23,CUST0100,South,Life,30-44,11,1468.75,Pending,2811.87
RSK000146,2025-02-28,CUST0030,South,Life,45-59,1,1035.21,Approved,1459.88
RSK000147,2024-12-26,CUST0042,Central,Auto,45-59,9,1250.18,Approved,5143.06
RSK000148,2025-07-29,CUST0200,East,Auto,30-44,7,1974.07,Approved,1375.72
RSK000149,2025-09-04,CUST0107,West,Life,30-44,10,1778.14,Pending,2180.64
RSK000150,2024-09-02,CUST0195,Central,Life,30-44,7,825.74,Approved,2185.97
RSK000151,2024-10-26,CUST0210,East,Auto,18-29,7,1990.21,Approved,2177.53
RSK000152,2024-09-13,CUST0056,Central,Health,30-44,2,1301.37,Approved,1246.29
RSK000153,2025-07-19,CUST0069,North,Health,30-44,2,1373.01,Approved,5265.46
RSK000154,2024-07-31,CUST0217,South,Life,45-59,3,1217.35,Pending,1712.97
RSK000155,2025-05-25,CUST0090,South,Property,45-59,3,1301.9,Approved,11867.38
RSK000156,2025-10-04,CUST0264,North,Auto,60+,12,1187.77,Approved,4991.45
RSK000157,2025-01-21,CUST0246,West,Auto,45-59,7,1055.33,Approved,6532.88
RSK000158,2025-11-15,CUST0208,East,Health,60+,1,1232.7,Approved,3032.01
RSK000159,2025-04-19,CUST0034,West,Health,60+,7,1658.77,Approved,4239.45
RSK000160,2024-12-13,CUST0169,South,Auto,45-59,11,1618.5,Approved,1982.36
RSK000161,2025-12-24,CUST0287,North,Auto,30-44,8,744.47,Rejected,2220.35
RSK000162,2025-01-13,CUST0230,North,Health,45-59,2,2409.61,Approved,3415.57
RSK000163,2024-07-25,CUST0087,East,Health,45-59,7,1940.36,Approved,4257.53
RSK000164,2024-10-07,CUST0234,South,Auto,60+,1,2496.38,Approved,1862.02
RSK000165,2024-11-21,CUST0004,North,Property,60+,2,1336.83,Pending,4945.33
RSK000166,2025-07-04,CUST0255,South,Health,30-44,4,1797.55,Approved,7249.42
RSK000167,2024-09-12,CUST0264,North,Auto,60+,12,1040.38,Approved,5431.38
RSK000168,2025-12-23,CUST0027,West,Property,30-44,1,1387.76,Approved,20329.81
RSK000169,2025-01-29,CUST0004,North,Property,60+,2,1215.93,Approved,10798.04
RSK000170,2025-10-29,CUST0090,South,Property,45-59,3,1326.01,Approved,4550.31
RSK000171,2025-07-01,CUST0230,North,Health,45-59,2,2022.72,Approved,5456.04
RSK000172,2024-11-19,CUST0269,South,Auto,45-59,12,1117.51,Rejected,12426.54
RSK000173,2025-09-23,CUST0022,North,Auto,60+,3,1184.12,Approved,4751.39
RSK000174,2025-07-21,CUST0018,North,Auto,18-29,10,1365.51,Pending,4765.52
RSK000175,2024-09-19,CUST0185,West,Property,18-29,8,1018.64,Approved,5013.55
RSK000176,2025-12-12,CUST0266,South,Property,45-59,2,968.91,Approved,7240.38
RSK000177,2024-10-29,CUST0155,South,Auto,45-59,3,1996.54,Approved,1559.12
RSK000178,2024-08-22,CUST0243,East,Property,45-59,10,1271.82,Approved,1141.92
RSK000179,2025-06-04,CUST0269,South,Auto,45-59,12,1179.06,Approved,11888.64
RSK000180,2025-04-23,CUST0183,North,Property,30-44,5,1843.2,Pending,8354.08
RSK000181,2025-03-15,CUST0070,West,Auto,30-44,4,1575.17,Approved,4863.22
RSK000182,2025-07-02,CUST0149,Central,Auto,30-44,12,2069.22,Approved,2772.14
RSK000183,2024-12-09,CUST0281,Central,Life,45-59,3,1526.87,Pending,1382.94
RSK000184,2024-09-15,CUST0195,Central,Life,30-44,7,815.87,Approved,4738.49
RSK000185,2025-03-05,CUST0076,South,Auto,60+,1,1241.9,Rejected,2681.59
RSK000186,2025-11-25,CUST0042,Central,Auto,45-59,9,1231.84,Approved,2445.04
RSK000187,2024-08-28,CUST0285,South,Property,30-44,1,1135.27,Approved,3068.96
RSK000188,2024-10-22,CUST0188,North,Auto,30-44,8,1311.23,Approved,4434.95
RSK000189,2025-03-27,CUST0064,Central,Auto,60+,12,843.89,Approved,3525.2
RSK000190,2024-08-03,CUST0249,Central,Property,45-59,2,1553.9,Approved,1718.56
RSK000191,2025-03-25,CUST0154,Central,Health,18-29,2,946.16,Approved,2913.03
RSK000192,2024-08-30,CUST0026,South,Property,60+,9,1640.23,Approved,7816.88
RSK000193,2025-06-03,CUST0034,West,Health,60+,7,1624.62,Pending,4180.58
RSK000194,2024-09-02,CUST0151,East,Life,18-29,11,1147.63,Approved,2408.67
RSK000195,2024-09-13,CUST0296,West,Life,30-44,1,1311.07,Rejected,783.42
RSK000196,2024-08-06,CUST0128,Central,Auto,45-59,12,1164.89,Approved,2050.14
RSK000197,2024-09-11,CUST0272,South,Life,30-44,12,1734.4,Pending,945.57
RSK000198,2024-09-21,CUST0254,West,Health,30-44,8,1724.8,Pending,6279.98
RSK000199,2025-11-03,CUST0254,West,Health,30-44,8,1423.32,Pending,3377.79
RSK000200,2025-04-04,CUST0078,South,Auto,18-29,1,1185.62,Approved,2235.61
RSK000201,2024-10-15,CUST0187,South,Auto,60+,9,1147.41,Approved,3129.48
RSK000202,2025-12-02,CUST0140,East,Auto,45-59,8,1651.01,Approved,1065.01
RSK000203,2025-06-24,CUST0037,West,Auto,45-59,5,1004.43,Approved,3142.48
RSK000204,2025-05-07,CUST0023,East,Health,45-59,7,1399.61,Rejected,1272.23
RSK000205,2025-02-19,CUST0277,Central,Property,18-29,6,2338.02,Approved,4058.76
RSK000206,2024-08-26,CUST0183,North,Property,30-44,5,1597.86,Approved,8722.95
RSK000207,2025-01-17,CUST0195,Central,Life,30-44,7,966.22,Approved,3393.48
RSK000208,2025-07-24,CUST0223,South,Life,18-29,9,1544.95,Approved,2191.91
RSK000209,2024-07-19,CUST0271,South,Health,30-44,8,1673.11,Approved,2657.94
RSK000210,2024-08-23,CUST0004,North,Property,60+,2,1204.49,Approved,7910.91
RSK000211,2025-07-22,CUST0089,South,Health,45-59,12,1355.53,Approved,1263.27
RSK000212,2025-09-14,CUST0037,West,Auto,45-59,5,1032.95,Approved,3475.91
RSK000213,2024-11-19,CUST0105,South,Auto,60+,9,1922.1,Approved,5462.8
RSK000214,2024-10-29,CUST0216,Central,Health,30-44,7,1860.27,Pending,2328.3
RSK000215,2025-07-12,CUST0208,East,Health,60+,1,1163.26,Approved,5301.84
RSK000216,2025-06-17,CUST0137,East,Auto,30-44,8,1977.68,Approved,1984.74
RSK000217,2024-08-29,CUST0254,West,Health,30-44,8,1693.98,Approved,3951.76
RSK000218,2024-10-03,CUST0096,North,Auto,60+,6,1445.12,Approved,2411.33
RSK000219,2025-02-18,CUST0116,East,Property,18-29,2,1609.63,Approved,11390.09
RSK000220,2024-08-16,CUST0116,East,Property,18-29,2,1472.62,Pending,11883.08
RSK000221,2024-07-16,CUST0130,Central,Health,18-29,2,1453.2,Pending,1672.44
RSK000222,2025-03-13,CUST0048,South,Health,45-59,5,813.01,Rejected,3875.69
RSK000223,2024-09-17,CUST0197,West,Life,45-59,3,1482.64,Approved,1411.94
RSK000224,2025-09-23,CUST0126,North,Health,45-59,12,1009.18,Approved,3237.93
RSK000225,2024-08-14,CUST0210,East,Auto,18-29,7,2105.98,Approved,1540.05
RSK000226,2025-03-08,CUST0293,South,Health,45-59,2,1434.56,Pending,1238.65
RSK000227,2024-11-10,CUST0215,East,Property,45-59,4,1249.95,Approved,2102.8
RSK000228,2025-11-03,CUST0153,South,Life,45-59,9,1340.17,Approved,1913.75
RSK000229,2024-09-17,CUST0118,South,Property,45-59,5,1298.0,Approved,5553.45
RSK000230,2025-01-27,CUST0051,South,Life,30-44,8,1113.69,Approved,966.39
RSK000231,2025-07-01,CUST0235,North,Health,60+,10,1159.02,Pending,2809.89
RSK000232,2025-02-11,CUST0036,East,Auto,45-59,5,2183.35,Approved,2349.73
RSK000233,2025-05-06,CUST0093,North,Auto,45-59,8,1837.09,Pending,4789.7
RSK000234,2025-04-26,CUST0291,South,Auto,45-59,3,1518.88,Rejected,2471.43
RSK000235,2025-03-08,CUST0284,South,Auto,18-29,3,1745.4,Approved,2838.18
RSK000236,2025-03-31,CUST0167,Central,Health,30-44,7,1800.69,Approved,685.65
RSK000237,2025-11-28,CUST0174,South,Life,18-29,3,1440.0,Approved,4183.07
RSK000238,2025-06-20,CUST0134,West,Auto,30-44,1,1545.14,Pending,2474.92
RSK000239,2025-11-10,CUST0079,North,Auto,60+,2,1854.63,Approved,2619.27
RSK000240,2025-01-25,CUST0084,South,Auto,45-59,6,2379.93,Pending,2855.55
RSK000241,2025-12-16,CUST0174,South,Life,18-29,3,1384.47,Approved,1937.09
RSK000242,2025-02-01,CUST0136,East,Auto,30-44,4,1832.56,Approved,2988.97
RSK000243,2024-11-23,CUST0149,Central,Auto,30-44,12,1968.63,Approved,6649.31
RSK000244,2025-02-26,CUST0192,East,Property,30-44,9,924.36,Approved,17276.62
RSK000245,2025-10-08,CUST0122,East,Property,30-44,9,1693.64,Pending,14435.63
RSK000246,2024-07-22,CUST0069,North,Health,30-44,2,1405.68,Approved,1808.95
RSK000247,2024-08-04,CUST0272,South,Life,30-44,12,1737.09,Approved,3139.85
RSK000248,2025-07-29,CUST0039,West,Health,18-29,6,1617.37,Approved,4387.21
RSK000249,2024-09-25,CUST0039,West,Health,18-29,6,1618.5,Approved,5552.83
RSK000250,2025-07-29,CUST0278,East,Auto,45-59,11,1476.14,Approved,2272.64
RSK000251,2025-07-27,CUST0143,West,Auto,45-59,4,1531.91,Approved,5533.38
RSK000252,2024-08-15,CUST0181,Central,Health,18-29,8,1475.24,Approved,3059.11
RSK000253,2025-07-24,CUST0087,East,Health,45-59,7,1703.13,Approved,2585.05
RSK000254,2025-09-15,CUST0154,Central,Health,18-29,2,985.41,Approved,5810.98
RSK000255,2025-05-09,CUST0179,Central,Property,18-29,4,1184.71,Approved,2351.97
RSK000256,2025-06-22,CUST0254,West,Health,30-44,8,1664.56,Pending,4773.59
RSK000257,2025-06-10,CUST0177,South,Property,60+,12,935.68,Pending,8616.96
RSK000258,2025-03-26,CUST0261,North,Health,30-44,12,1625.39,Rejected,3323.48
RSK000259,2025-02-07,CUST0260,East,Life,60+,5,1542.94,Approved,1133.13
RSK000260,2025-06-15,CUST0192,East,Property,30-44,9,1066.92,Approved,1905.84
RSK000261,2025-09-18,CUST0004,North,Property,60+,2,1217.9,Rejected,12493.92
RSK000262,2024-08-28,CUST0216,Central,Health,30-44,7,1748.77,Rejected,2942.58
RSK000263,2025-08-02,CUST0090,South,Property,45-59,3,1342.25,Pending,7102.96
RSK000264,2025-04-21,CUST0064,Central,Auto,60+,12,918.05,Rejected,5972.46
RSK000265,2025-12-30,CUST0003,West,Life,30-44,7,1617.32,Approved,2792.25
RSK000266,2025-12-14,CUST0088,West,Property,30-44,5,1384.61,Approved,11198.66
RSK000267,2025-07-26,CUST0230,North,Health,45-59,2,2372.29,Approved,2665.57
RSK000268,2025-03-01,CUST0234,South,Auto,60+,1,2479.45,Approved,2541.67
RSK000269,2024-07-16,CUST0203,West,Auto,45-59,1,1572.25,Approved,2314.01
RSK000270,2025-04-07,CUST0027,West,Property,30-44,1,1459.68,Approved,14389.13
RSK000271,2025-03-13,CUST0022,North,Auto,60+,3,1226.1,Approved,3397.65
RSK000272,2025-04-29,CUST0106,East,Auto,45-59,4,1001.54,Approved,2514.91
RSK000273,2025-08-09,CUST0252,West,Property,18-29,12,1897.69,Approved,2326.64
RSK000274,2025-04-07,CUST0022,North,Auto,60+,3,1249.36,Approved,5067.75
RSK000275,2025-03-14,CUST0248,West,Health,30-44,7,1229.4,Rejected,2036.43
RSK000276,2024-07-13,CUST0069,North,Health,30-44,2,1229.96,Approved,2524.04
RSK000277,2025-05-25,CUST0249,Central,Property,45-59,2,1663.33,Rejected,3501.6
RSK000278,2024-12-31,CUST0098,Central,Health,30-44,10,747.09,Approved,2869.19
RSK000279,2024-07-18,CUST0069,North,Health,30-44,2,1322.44,Approved,3654.85
RSK000280,2025-10-21,CUST0109,North,Auto,45-59,11,1268.09,Approved,3200.74
RSK000281,2025-07-03,CUST0037,West,Auto,45-59,5,1100.34,Approved,856.67
RSK000282,2025-02-09,CUST0181,Central,Health,18-29,8,1550.72,Approved,3400.71
RSK000283,2024-09-20,CUST0022,North,Auto,60+,3,1294.83,Approved,6620.16
RSK000284,2025-05-18,CUST0254,West,Health,30-44,8,1677.03,Pending,2708.8
RSK000285,2025-09-25,CUST0173,Central,Property,18-29,2,1492.47,Approved,2876.41
RSK000286,2025-04-09,CUST0084,South,Auto,45-59,6,2175.42,Approved,2808.56
RSK000287,2025-11-19,CUST0087,East,Health,45-59,7,1678.0,Approved,2669.66
RSK000288,2024-12-26,CUST0231,West,Health,30-44,4,1209.1,Approved,2758.83
RSK000289,2024-08-20,CUST0001,East,Health,60+,1,1944.09,Approved,1789.41
RSK000290,2024-08-09,CUST0256,East,Property,60+,3,924.75,Approved,4709.5
RSK000291,2025-12-01,CUST0073,South,Health,45-59,9,1548.05,Rejected,1202.59
RSK000292,2025-05-21,CUST0111,South,Life,60+,5,1319.74,Approved,1680.17
RSK000293,2025-02-19,CUST0257,South,Auto,45-59,4,1959.42,Approved,2355.16
RSK000294,2025-03-23,CUST0131,North,Property,60+,8,1690.59,Pending,5043.77
RSK000295,2024-07-17,CUST0116,East,Property,18-29,2,1724.18,Approved,8064.82
RSK000296,2025-06-27,CUST0151,East,Life,18-29,11,1078.23,Approved,1835.37
RSK000297,2024-08-15,CUST0194,West,Auto,30-44,6,1625.6,Approved,3050.35
RSK000298,2025-06-24,CUST0284,South,Auto,18-29,3,1878.03,Approved,10037.39
RSK000299,2025-12-02,CUST0281,Central,Life,45-59,3,1557.37,Approved,1027.01
RSK000300,2025-12-06,CUST0246,West,Auto,45-59,7,1051.07,Approved,4712.4
RSK000301,2025-01-25,CUST0012,Central,Property,60+,4,1476.64,Approved,4069.18
RSK000302,2025-07-16,CUST0131,North,Property,60+,8,1549.26,Rejected,6059.22
RSK000303,2025-08-30,CUST0064,Central,Auto,60+,12,819.01,Approved,3223.34
RSK000304,2025-09-10,CUST0240,West,Life,60+,2,1986.21,Pending,1008.22
RSK000305,2024-11-24,CUST0254,West,Health,30-44,8,1691.69,Approved,5554.42
RSK000306,2025-07-04,CUST0147,East,Health,60+,6,1147.37,Approved,2024.49
RSK000307,2025-08-22,CUST0065,West,Property,30-44,12,1370.2,Pending,2711.12
RSK000308,2025-07-19,CUST0041,South,Property,30-44,2,2101.22,Approved,8349.76
RSK000309,2025-04-28,CUST0230,North,Health,45-59,2,2141.68,Approved,2083.09
RSK000310,2024-12-12,CUST0220,Central,Health,60+,9,2068.41,Approved,4023.3
RSK000311,2025-04-24,CUST0269,South,Auto,45-59,12,1141.85,Pending,4505.09
RSK000312,2024-07-27,CUST0034,West,Health,60+,7,1681.84,Approved,2394.06
RSK000313,2025-02-02,CUST0082,West,Property,60+,2,1416.85,Rejected,2916.65
RSK000314,2025-12-06,CUST0150,East,Auto,18-29,8,1131.48,Approved,1016.7
RSK000315,2025-12-03,CUST0161,West,Life,60+,9,600.0,Rejected,1068.25
RSK000316,2025-06-18,CUST0284,South,Auto,18-29,3,1791.64,Pending,5112.85
RSK000317,2025-07-23,CUST0210,East,Auto,18-29,7,1984.75,Rejected,3703.17
RSK000318,2024-08-03,CUST0157,North,Auto,60+,6,1324.26,Approved,2312.89
RSK000319,2024-12-01,CUST0039,West,Health,18-29,6,1380.89,Approved,5682.48
RSK000320,2024-09-19,CUST0037,West,Auto,45-59,5,973.11,Pending,4350.94
RSK000321,2025-02-15,CUST0004,North,Property,60+,2,1172.99,Approved,7887.08
RSK000322,2025-09-02,CUST0106,East,Auto,45-59,4,1058.17,Approved,5388.83
RSK000323,2024-11-02,CUST0001,East,Health,60+,1,1862.1,Rejected,2233.53
RSK000324,2025-12-23,CUST0260,East,Life,60+,5,1294.18,Rejected,887.62
RSK000325,2025-10-27,CUST0271,South,Health,30-44,8,1935.72,Approved,4022.04
RSK000326,2025-12-15,CUST0123,East,Health,18-29,4,1607.59,Approved,2402.79
RSK000327,2025-04-02,CUST0019,West,Auto,45-59,1,1265.16,Approved,1885.82
RSK000328,2025-04-27,CUST0231,West,Health,30-44,4,1248.31,Pending,1229.75
RSK000329,2025-06-02,CUST0015,South,Auto,30-44,5,2245.98,Approved,2112.47
RSK000330,2025-07-06,CUST0284,South,Auto,18-29,3,1633.35,Approved,6384.5
RSK000331,2025-05-19,CUST0113,Central,Health,45-59,12,1658.16,Approved,961.57
RSK000332,2024-10-27,CUST0192,East,Property,30-44,9,1038.4,Approved,6203.58
RSK000333,2025-09-29,CUST0180,South,Life,60+,1,988.63,Approved,1428.35
RSK000334,2025-08-24,CUST0119,West,Auto,60+,12,1573.33,Approved,5568.6
RSK000335,2025-06-26,CUST0079,North,Auto,60+,2,1914.11,Approved,2542.77
RSK000336,2024-09-17,CUST0145,North,Auto,45-59,9,1497.83,Pending,2065.09
RSK000337,2025-11-08,CUST0218,South,Life,30-44,10,1412.14,Approved,2155.68
RSK000338,2025-10-03,CUST0040,West,Property,45-59,7,1982.85,Rejected,8277.96
RSK000339,2025-02-21,CUST0160,South,Auto,45-59,10,1267.33,Approved,8778.7
RSK000340,2024-11-06,CUST0022,North,Auto,60+,3,1192.91,Pending,4618.06
RSK000341,2025-03-08,CUST0251,North,Life,30-44,12,1553.18,Approved,337.51
RSK000342,2025-08-22,CUST0010,West,Auto,60+,10,1178.26,Approved,3938.79
RSK000343,2024-11-19,CUST0136,East,Auto,30-44,4,1683.47,Approved,2212.47
RSK000344,2025-04-20,CUST0283,North,Auto,30-44,8,1594.93,Approved,3681.83
RSK000345,2024-10-29,CUST0281,Central,Life,45-59,3,1644.86,Approved,660.63
RSK000346,2025-09-05,CUST0132,Central,Auto,30-44,1,1627.57,Approved,1813.86
RSK000347,2024-11-29,CUST0022,North,Auto,60+,3,1279.77,Approved,5576.51
RSK000348,2025-01-19,CUST0235,North,Health,60+,10,1089.63,Pending,2201.96
RSK000349,2025-10-08,CUST0147,East,Health,60+,6,1112.86,Approved,4672.45
RSK000350,2024-11-01,CUST0208,East,Health,60+,1,1135.82,Approved,1888.57
RSK000351,2025-10-25,CUST0176,Central,Auto,18-29,2,1425.19,Approved,1279.67
RSK000352,2024-11-07,CUST0003,West,Life,30-44,7,1428.81,Rejected,1817.79
RSK000353,2025-09-15,CUST0274,West,Auto,30-44,12,1266.59,Approved,3094.87
RSK000354,2024-12-18,CUST0098,Central,Health,30-44,10,802.88,Pending,4109.43
RSK000355,2024-11-13,CUST0226,East,Auto,30-44,11,1290.9,Approved,1306.69
RSK000356,2025-12-25,CUST0147,East,Health,60+,6,1100.94,Pending,3280.62
RSK000357,2025-09-06,CUST0036,East,Auto,45-59,5,1916.42,Approved,3751.5
RSK000358,2025-08-16,CUST0296,West,Life,30-44,1,1286.56,Approved,993.17
RSK000359,2025-03-05,CUST0237,West,Life,30-44,4,1984.94,Approved,2041.15
RSK000360,2024-10-30,CUST0273,Central,Auto,30-44,5,1163.98,Approved,3092.22
RSK000361,2025-06-10,CUST0179,Central,Property,18-29,4,1072.44,Approved,1771.58
RSK000362,2024-10-19,CUST0175,Central,Auto,18-29,8,1152.56,Pending,2102.78
RSK000363,2024-08-16,CUST0202,South,Property,45-59,6,1232.23,Approved,5815.95
RSK000364,2025-06-29,CUST0067,Central,Property,45-59,4,904.94,Pending,2648.34
RSK000365,2025-08-23,CUST0008,West,Property,60+,10,1563.68,Approved,7401.92
RSK000366,2025-09-20,CUST0281,Central,Life,45-59,3,1521.17,Approved,1846.77
RSK000367,2025-11-01,CUST0132,Central,Auto,30-44,1,1623.26,Approved,3050.26
RSK000368,2025-01-04,CUST0087,East,Health,45-59,7,1757.39,Approved,3542.22
RSK000369,2025-12-04,CUST0269,South,Auto,45-59,12,1299.05,Approved,5285.43
RSK000370,2024-07-08,CUST0245,North,Auto,30-44,12,1216.96,Approved,2534.65
RSK000371,2025-07-14,CUST0151,East,Life,18-29,11,1037.86,Approved,1357.86
RSK000372,2025-10-08,CUST0099,West,Health,45-59,7,1896.44,Approved,1797.93
RSK000373,2025-09-23,CUST0064,Central,Auto,60+,12,768.96,Approved,1255.06
RSK000374,2025-04-13,CUST0253,Central,Auto,30-44,5,802.71,Pending,4430.92
RSK000375,2024-10-08,CUST0100,South,Life,30-44,11,1632.12,Approved,2616.05
RSK000376,2025-11-18,CUST0047,South,Health,30-44,7,1804.48,Approved,2765.6
RSK000377,2025-12-13,CUST0166,North,Property,30-44,5,2203.68,Pending,2183.46
RSK000378,2025-12-03,CUST0039,West,Health,18-29,6,1609.74,Rejected,4046.75
RSK000379,2025-09-10,CUST0001,East,Health,60+,1,1907.4,Approved,1530.16
RSK000380,2025-07-29,CUST0285,South,Property,30-44,1,1110.54,Approved,5868.22
RSK000381,2024-12-30,CUST0090,South,Property,45-59,3,1327.12,Pending,12784.75
RSK000382,2024-08-12,CUST0230,North,Health,45-59,2,2378.64,Rejected,2121.51
RSK000383,2025-02-01,CUST0128,Central,Auto,45-59,12,1139.26,Approved,6933.96
RSK000384,2025-04-11,CUST0253,Central,Auto,30-44,5,704.29,Approved,2605.32
RSK000385,2025-05-18,CUST0116,East,Property,18-29,2,1704.57,Approved,5469.67
RSK000386,2025-04-18,CUST0183,North,Property,30-44,5,1828.45,Approved,8767.97
RSK000387,2025-04-21,CUST0022,North,Auto,60+,3,1260.32,Approved,3168.36
RSK000388,2025-09-23,CUST0245,North,Auto,30-44,12,1243.24,Approved,2117.94
RSK000389,2024-12-21,CUST0281,Central,Life,45-59,3,1359.77,Approved,1817.2
RSK000390,2025-03-23,CUST0089,South,Health,45-59,12,1417.64,Pending,822.21
RSK000391,2024-10-17,CUST0236,North,Health,30-44,5,1862.81,Pending,3175.72
RSK000392,2025-04-12,CUST0115,Central,Health,60+,4,1632.76,Approved,4614.09
RSK000393,2025-01-28,CUST0254,West,Health,30-44,8,1643.27,Approved,3633.88
RSK000394,2025-12-03,CUST0274,West,Auto,30-44,12,1391.38,Approved,12185.84
RSK000395,2024-07-29,CUST0226,East,Auto,30-44,11,1506.16,Approved,2319.95
RSK000396,2024-08-10,CUST0061,North,Auto,30-44,3,1666.88,Pending,3487.38
RSK000397,2025-01-16,CUST0101,East,Health,60+,8,1971.5,Approved,1497.75
RSK000398,2024-07-27,CUST0224,North,Health,45-59,7,1614.63,Approved,1836.77
RSK000399,2025-04-15,CUST0279,Central,Property,45-59,2,1516.08,Pending,1475.05
RSK000400,2025-09-10,CUST0246,West,Auto,45-59,7,1069.52,Approved,4564.16
RSK000401,2025-12-16,CUST0118,South,Property,45-59,5,1294.05,Approved,2918.7
RSK000402,2025-10-08,CUST0218,South,Life,30-44,10,1645.81,Approved,2673.15
RSK000403,2024-10-21,CUST0169,South,Auto,45-59,11,1813.04,Approved,2099.37
RSK000404,2024-10-31,CUST0221,West,Life,18-29,10,1109.36,Approved,1350.93
RSK000405,2025-09-16,CUST0058,South,Health,30-44,4,1972.09,Approved,1687.46
RSK000406,2024-09-27,CUST0039,West,Health,18-29,6,1640.24,Rejected,6877.94
RSK000407,2025-04-12,CUST0049,North,Auto,60+,12,1891.97,Approved,2287.32
RSK000408,2024-10-28,CUST0208,East,Health,60+,1,1290.25,Pending,2833.14
RSK000409,2024-09-19,CUST0075,East,Auto,60+,12,1843.61,Approved,2743.94
RSK000410,2025-02-13,CUST0271,South,Health,30-44,8,1653.22,Approved,5001.77
RSK000411,2025-05-31,CUST0208,East,Health,60+,1,1108.81,Approved,1519.66
RSK000412,2025-06-09,CUST0091,East,Auto,60+,3,1383.03,Approved,3225.74
RSK000413,2025-12-08,CUST0192,East,Property,30-44,9,950.46,Approved,5392.07
RSK000414,2024-09-14,CUST0020,South,Auto,60+,8,1689.18,Approved,4173.0
RSK000415,2025-05-19,CUST0087,East,Health,45-59,7,1786.25,Pending,2044.92
RSK000416,2024-08-09,CUST0014,North,Property,60+,1,1178.3,Approved,8061.94
RSK000417,2025-12-16,CUST0278,East,Auto,45-59,11,1632.67,Approved,4437.53
RSK000418,2024-08-06,CUST0061,North,Auto,30-44,3,1692.0,Pending,8835.16
RSK000419,2024-07-09,CUST0232,North,Property,45-59,2,893.19,Approved,1775.53
RSK000420,2025-07-21,CUST0130,Central,Health,18-29,2,1715.43,Pending,1248.8
RSK000421,2025-02-11,CUST0020,South,Auto,60+,8,1604.44,Approved,1886.6
RSK000422,2025-03-29,CUST0230,North,Health,45-59,2,2314.65,Approved,2347.1
RSK000423,2025-11-09,CUST0128,Central,Auto,45-59,12,1149.6,Rejected,2066.06
RSK000424,2025-11-21,CUST0063,South,Property,30-44,6,1845.79,Approved,4313.16
RSK000425,2025-01-20,CUST0083,North,Health,18-29,5,1280.58,Approved,1420.14
RSK000426,2024-09-29,CUST0187,South,Auto,60+,9,1012.55,Pending,3643.38
RSK000427,2025-02-05,CUST0022,North,Auto,60+,3,1361.98,Approved,3599.91
RSK000428,2024-09-07,CUST0185,West,Property,18-29,8,1130.92,Approved,2860.68
RSK000429,2025-01-30,CUST0198,West,Health,30-44,7,1566.92,Approved,2199.27
RSK000430,2024-08-09,CUST0218,South,Life,30-44,10,1581.7,Approved,1872.37
RSK000431,2025-03-27,CUST0093,North,Auto,45-59,8,1626.63,Approved,4466.07
RSK000432,2025-02-26,CUST0278,East,Auto,45-59,11,1462.52,Approved,3032.66
RSK000433,2025-11-08,CUST0048,South,Health,45-59,5,978.16,Approved,3497.47
RSK000434,2025-01-01,CUST0063,South,Property,30-44,6,1884.51,Pending,6735.87
RSK000435,2025-02-23,CUST0217,South,Life,45-59,3,1258.02,Pending,2831.19
RSK000436,2025-11-09,CUST0181,Central,Health,18-29,8,1438.25,Approved,3070.03
RSK000437,2025-08-06,CUST0138,North,Life,18-29,7,1113.72,Approved,1514.58
RSK000438,2025-11-05,CUST0059,North,Life,30-44,1,1696.84,Approved,785.72
RSK000439,2025-02-10,CUST0287,North,Auto,30-44,8,743.05,Approved,2795.37
RSK000440,2025-04-21,CUST0027,West,Property,30-44,1,1535.99,Approved,8218.98
RSK000441,2025-10-01,CUST0273,Central,Auto,30-44,5,1053.6,Approved,3328.55
RSK000442,2025-09-09,CUST0223,South,Life,18-29,9,1507.67,Approved,934.83
RSK000443,2025-10-19,CUST0182,West,Life,18-29,3,1981.09,Pending,602.4
RSK000444,2024-10-25,CUST0220,Central,Health,60+,9,2020.95,Approved,2620.25
RSK000445,2025-08-12,CUST0061,North,Auto,30-44,3,1849.95,Approved,3235.62
RSK000446,2025-11-08,CUST0084,South,Auto,45-59,6,2066.95,Rejected,2588.2
RSK000447,2025-11-13,CUST0018,North,Auto,18-29,10,1270.12,Approved,3840.05
RSK000448,2025-02-26,CUST0208,East,Health,60+,1,1115.95,Approved,6599.89
RSK000449,2025-04-01,CUST0281,Central,Life,45-59,3,1598.07,Approved,1698.0
RSK000450,2025-08-23,CUST0276,West,Life,30-44,3,1512.87,Approved,1332.55
RSK000451,2025-05-27,CUST0062,North,Auto,60+,2,600.0,Approved,2475.48
RSK000452,2025-05-22,CUST0157,North,Auto,60+,6,1104.79,Approved,2495.76
RSK000453,2025-09-26,CUST0116,East,Property,18-29,2,1710.51,Approved,11599.22
RSK000454,2025-03-24,CUST0083,North,Health,18-29,5,1302.24,Pending,3748.02
RSK000455,2025-04-01,CUST0269,South,Auto,45-59,12,1232.26,Approved,5187.07
RSK000456,2025-02-10,CUST0193,West,Property,45-59,2,1177.14,Approved,6216.9
RSK000457,2024-08-16,CUST0218,South,Life,30-44,10,1525.24,Approved,7694.87
RSK000458,2025-08-24,CUST0277,Central,Property,18-29,6,2064.55,Approved,4695.3
RSK000459,2024-12-18,CUST0254,West,Health,30-44,8,1515.27,Approved,3526.8
RSK000460,2024-10-21,CUST0090,South,Property,45-59,3,1382.01,Pending,9226.68
RSK000461,2025-06-03,CUST0014,North,Property,60+,1,1206.63,Approved,3702.96
RSK000462,2024-07-21,CUST0202,South,Property,45-59,6,1237.39,Pending,11065.33
RSK000463,2024-07-22,CUST0050,North,Auto,30-44,8,1801.76,Rejected,2389.25
RSK000464,2024-10-01,CUST0253,Central,Auto,30-44,5,780.04,Rejected,4721.4
RSK000465,2025-06-07,CUST0033,West,Health,60+,2,1522.7,Pending,1580.8
RSK000466,2024-09-03,CUST0154,Central,Health,18-29,2,993.94,Approved,2159.37
RSK000467,2025-12-14,CUST0109,North,Auto,45-59,11,1195.66,Approved,3509.25
RSK000468,2025-12-31,CUST0091,East,Auto,60+,3,1542.86,Approved,3433.35
RSK000469,2024-12-08,CUST0281,Central,Life,45-59,3,1444.88,Rejected,1409.51
RSK000470,2025-08-10,CUST0277,Central,Property,18-29,6,2432.0,Rejected,2442.14
RSK000471,2025-02-20,CUST0031,North,Health,30-44,2,1330.74,Approved,2362.16
RSK000472,2024-12-13,CUST0061,North,Auto,30-44,3,1843.53,Pending,17641.98
RSK000473,2025-06-05,CUST0210,East,Auto,18-29,7,2201.73,Approved,3242.39
RSK000474,2025-03-12,CUST0134,West,Auto,30-44,1,1644.31,Pending,2595.84
RSK000475,2024-08-06,CUST0051,South,Life,30-44,8,1273.8,Rejected,1465.66
RSK000476,2025-12-22,CUST0069,North,Health,30-44,2,1187.91,Approved,2352.97
RSK000477,2025-08-12,CUST0053,South,Property,30-44,2,1461.27,Rejected,8964.74
RSK000478,2024-08-13,CUST0154,Central,Health,18-29,2,920.08,Approved,4732.99
RSK000479,2025-05-05,CUST0025,North,Life,60+,9,1857.04,Approved,663.56
RSK000480,2025-03-11,CUST0032,South,Health,45-59,8,817.91,Approved,917.87
RSK000481,2024-11-04,CUST0156,South,Health,45-59,4,1842.31,Rejected,869.97
RSK000482,2025-07-22,CUST0066,South,Auto,30-44,7,1155.44,Approved,1623.05
RSK000483,2024-11-12,CUST0190,Central,Life,45-59,5,1123.72,Rejected,393.63
RSK000484,2025-04-03,CUST0167,Central,Health,30-44,7,2010.5,Rejected,488.55
RSK000485,2024-09-17,CUST0217,South,Life,45-59,3,1134.55,Approved,958.71
RSK000486,2025-08-30,CUST0264,North,Auto,60+,12,1157.4,Approved,4610.95
RSK000487,2024-12-03,CUST0162,Central,Health,45-59,4,2078.62,Approved,750.67
RSK000488,2025-08-05,CUST0102,North,Property,45-59,11,600.0,Approved,3073.18
RSK000489,2025-05-16,CUST0216,Central,Health,30-44,7,1775.87,Rejected,2826.96
RSK000490,2025-09-09,CUST0063,South,Property,30-44,6,1854.96,Approved,5199.71
RSK000491,2024-07-24,CUST0128,Central,Auto,45-59,12,1071.7,Approved,13176.54
RSK000492,2025-10-13,CUST0192,East,Property,30-44,9,1020.18,Approved,4339.3
RSK000493,2025-03-28,CUST0076,South,Auto,60+,1,1152.02,Pending,4006.8
RSK000494,2025-10-26,CUST0255,South,Health,30-44,4,2000.5,Approved,9812.02
RSK000495,2025-09-13,CUST0258,East,Auto,30-44,6,1591.9,Approved,2605.0
RSK000496,2025-08-21,CUST0139,East,Auto,30-44,4,1554.05,Approved,2025.29
RSK000497,2025-11-07,CUST0261,North,Health,30-44,12,1771.3,Approved,2482.01
RSK000498,2025-12-29,CUST0119,West,Auto,60+,12,1612.68,Approved,3239.73
RSK000499,2025-07-27,CUST0271,South,Health,30-44,8,1723.31,Approved,6514.45
RSK000500,2025-11-21,CUST0284,South,Auto,18-29,3,1630.13,Approved,2093.75
RSK000501,2025-07-17,CUST0198,West,Health,30-44,7,1503.39,Approved,2619.63
RSK000502,2024-10-19,CUST0131,North,Property,60+,8,1717.85,Approved,3705.0
RSK000503,2024-07-26,CUST0174,South,Life,18-29,3,1377.01,Approved,2358.46
RSK000504,2025-02-23,CUST0116,East,Property,18-29,2,1441.65,Approved,4190.2
RSK000505,2025-11-01,CUST0115,Central,Health,60+,4,1491.9,Approved,1704.6
RSK000506,2025-05-15,CUST0218,South,Life,30-44,10,1395.47,Approved,5571.23
RSK000507,2024-09-24,CUST0065,West,Property,30-44,12,1365.94,Approved,4982.25
RSK000508,2024-12-21,CUST0250,North,Auto,30-44,4,954.84,Approved,1669.26
RSK000509,2025-11-14,CUST0170,North,Auto,45-59,5,1597.07,Approved,2056.67
RSK000510,2024-09-24,CUST0246,West,Auto,45-59,7,1073.06,Approved,10459.9
RSK000511,2025-10-28,CUST0249,Central,Property,45-59,2,1537.35,Approved,2898.95
RSK000512,2025-02-24,CUST0191,Central,Auto,30-44,2,1558.92,Approved,1687.48
RSK000513,2025-11-18,CUST0054,East,Property,45-59,6,1447.22,Approved,5018.87
RSK000514,2025-05-15,CUST0272,South,Life,30-44,12,1749.26,Approved,2372.64
RSK000515,2024-12-02,CUST0184,South,Health,30-44,1,928.07,Approved,2973.27
RSK000516,2025-08-21,CUST0194,West,Auto,30-44,6,1454.61,Pending,3017.47
RSK000517,2025-04-01,CUST0147,East,Health,60+,6,1112.45,Approved,2307.94
RSK000518,2025-11-13,CUST0093,North,Auto,45-59,8,1616.54,Approved,2106.7
RSK000519,2025-05-17,CUST0065,West,Property,30-44,12,1303.26,Pending,5493.59
RSK000520,2025-02-27,CUST0059,North,Life,30-44,1,1501.48,Approved,1370.54
RSK000521,2025-11-07,CUST0217,South,Life,45-59,3,1185.82,Approved,3950.25
RSK000522,2024-09-22,CUST0248,West,Health,30-44,7,1126.67,Pending,6674.95
RSK000523,2025-09-09,CUST0216,Central,Health,30-44,7,1797.68,Approved,2075.55
RSK000524,2025-07-20,CUST0098,Central,Health,30-44,10,716.03,Approved,4015.71
RSK000525,2024-07-14,CUST0060,South,Health,60+,1,1371.68,Approved,1991.86
RSK000526,2024-11-02,CUST0080,West,Property,18-29,1,1804.19,Approved,2948.63
RSK000527,2025-09-22,CUST0253,Central,Auto,30-44,5,794.02,Rejected,2961.02
RSK000528,2024-10-25,CUST0027,West,Property,30-44,1,1521.52,Approved,11551.53
RSK000529,2025-09-08,CUST0115,Central,Health,60+,4,1482.32,Approved,1332.42
RSK000530,2025-12-20,CUST0008,West,Property,60+,10,1728.11,Approved,4396.22
RSK000531,2025-09-02,CUST0098,Central,Health,30-44,10,810.37,Approved,2699.32
RSK000532,2025-04-30,CUST0271,South,Health,30-44,8,2013.75,Approved,6181.56
RSK000533,2025-04-28,CUST0254,West,Health,30-44,8,1689.96,Approved,5185.0
RSK000534,2025-04-04,CUST0020,South,Auto,60+,8,1468.96,Approved,1048.59
RSK000535,2025-07-16,CUST0300,East,Health,30-44,10,1508.41,Approved,1727.62
RSK000536,2024-12-17,CUST0262,North,Health,30-44,10,1623.56,Approved,2875.84
RSK000537,2025-12-18,CUST0070,West,Auto,30-44,4,1426.83,Approved,3438.11
RSK000538,2025-07-16,CUST0006,West,Life,45-59,8,1543.4,Approved,2655.03
RSK000539,2025-03-15,CUST0246,West,Auto,45-59,7,1035.14,Approved,8839.45
RSK000540,2025-02-01,CUST0069,North,Health,30-44,2,1161.37,Pending,1971.09
RSK000541,2024-11-16,CUST0238,Central,Life,60+,2,1287.33,Approved,1613.9
RSK000542,2025-10-29,CUST0175,Central,Auto,18-29,8,1215.67,Approved,2407.1
RSK000543,2025-08-31,CUST0264,North,Auto,60+,12,1147.37,Approved,4914.13
RSK000544,2025-10-25,CUST0235,North,Health,60+,10,1155.22,Approved,2206.68
RSK000545,2024-07-06,CUST0218,South,Life,30-44,10,1513.36,Approved,3930.87
RSK000546,2025-01-09,CUST0274,West,Auto,30-44,12,1454.21,Approved,2894.29
RSK000547,2024-10-05,CUST0105,South,Auto,60+,9,1848.03,Approved,4679.47
RSK000548,2025-06-04,CUST0183,North,Property,30-44,5,1613.17,Approved,6885.33
RSK000549,2025-10-23,CUST0140,East,Auto,45-59,8,1754.68,Approved,987.59
RSK000550,2024-09-07,CUST0277,Central,Property,18-29,6,2111.3,Approved,12913.93
RSK000551,2025-02-17,CUST0151,East,Life,18-29,11,1145.12,Approved,3760.85
RSK000552,2024-07-15,CUST0085,West,Health,45-59,12,1474.79,Pending,2791.74
RSK000553,2025-04-08,CUST0195,Central,Life,30-44,7,910.17,Approved,2846.93
RSK000554,2025-09-10,CUST0140,East,Auto,45-59,8,1752.29,Approved,1070.48
RSK000555,2025-05-10,CUST0255,South,Health,30-44,4,1755.52,Approved,8949.53
RSK000556,2025-08-17,CUST0256,East,Property,60+,3,1088.8,Pending,6449.7
RSK000557,2025-01-24,CUST0284,South,Auto,18-29,3,1797.68,Approved,1843.67
RSK000558,2024-12-04,CUST0048,South,Health,45-59,5,911.3,Approved,2387.87
RSK000559,2025-02-07,CUST0087,East,Health,45-59,7,1963.16,Approved,7446.59
RSK000560,2025-03-27,CUST0109,North,Auto,45-59,11,1121.32,Approved,5734.04
RSK000561,2024-11-07,CUST0007,South,Life,45-59,3,1736.28,Rejected,1246.18
RSK000562,2025-07-28,CUST0267,North,Auto,30-44,3,1519.13,Approved,2008.39
RSK000563,2025-04-10,CUST0204,Central,Life,60+,8,1545.43,Pending,1066.77
RSK000564,2025-10-28,CUST0088,West,Property,30-44,5,1626.4,Approved,6190.18
RSK000565,2024-07-03,CUST0299,South,Life,18-29,8,1398.5,Rejected,1279.21
RSK000566,2025-02-07,CUST0285,South,Property,30-44,1,1166.68,Approved,8358.98
RSK000567,2024-11-28,CUST0260,East,Life,60+,5,1305.28,Approved,687.63
RSK000568,2025-10-30,CUST0287,North,Auto,30-44,8,858.51,Pending,2586.1
RSK000569,2025-05-28,CUST0261,North,Health,30-44,12,1789.54,Approved,3242.84
RSK000570,2024-08-23,CUST0022,North,Auto,60+,3,1176.94,Approved,3290.22
RSK000571,2025-09-24,CUST0069,North,Health,30-44,2,1278.35,Approved,2852.13
RSK000572,2025-10-27,CUST0054,East,Property,45-59,6,1432.51,Approved,3863.41
RSK000573,2025-11-25,CUST0285,South,Property,30-44,1,1235.83,Approved,5620.32
RSK000574,2025-03-04,CUST0087,East,Health,45-59,7,1918.62,Approved,4193.52
RSK000575,2025-07-22,CUST0098,Central,Health,30-44,10,720.51,Approved,2514.34
RSK000576,2025-10-29,CUST0078,South,Auto,18-29,1,1262.54,Approved,1786.2
RSK000577,2025-12-17,CUST0208,East,Health,60+,1,1111.42,Approved,4417.42
RSK000578,2024-09-19,CUST0045,North,Auto,30-44,10,1345.85,Pending,1302.74
RSK000579,2025-02-05,CUST0264,North,Auto,60+,12,1049.93,Pending,4539.27
RSK000580,2025-04-11,CUST0090,South,Property,45-59,3,1398.8,Approved,6428.5
RSK000581,2025-09-21,CUST0249,Central,Property,45-59,2,1420.66,Approved,2618.71
RSK000582,2025-11-14,CUST0043,West,Auto,45-59,6,1872.86,Approved,6637.22
RSK000583,2025-03-14,CUST0084,South,Auto,45-59,6,2171.56,Approved,3405.65
RSK000584,2025-09-19,CUST0091,East,Auto,60+,3,1516.81,Approved,1844.84
RSK000585,2024-12-30,CUST0015,South,Auto,30-44,5,2024.1,Approved,4576.53
RSK000586,2025-07-10,CUST0177,South,Property,60+,12,886.15,Rejected,8149.65
RSK000587,2025-06-20,CUST0244,West,Health,18-29,12,1174.15,Approved,3075.46
RSK000588,2025-02-04,CUST0256,East,Property,60+,3,1127.13,Approved,1844.66
RSK000589,2025-01-12,CUST0269,South,Auto,45-59,12,1161.9,Approved,5629.69
RSK000590,2024-12-31,CUST0230,North,Health,45-59,2,2220.38,Pending,1890.33
RSK000591,2024-07-11,CUST0149,Central,Auto,30-44,12,2143.92,Approved,6216.66
RSK000592,2025-07-05,CUST0126,North,Health,45-59,12,1012.75,Approved,3016.68
RSK000593,2024-07-06,CUST0139,East,Auto,30-44,4,1746.17,Approved,2405.47
RSK000594,2025-06-02,CUST0281,Central,Life,45-59,3,1399.6,Approved,1184.91
RSK000595,2025-07-13,CUST0177,South,Property,60+,12,871.07,Pending,25558.91
RSK000596,2025-11-27,CUST0069,North,Health,30-44,2,1299.85,Pending,3311.88
RSK000597,2025-04-06,CUST0116,East,Property,18-29,2,1628.75,Approved,7890.4
RSK000598,2025-04-08,CUST0058,South,Health,30-44,4,1778.09,Approved,2714.05
RSK000599,2025-08-12,CUST0066,South,Auto,30-44,7,991.0,Approved,1635.15
RSK000600,2025-03-17,CUST0274,West,Auto,30-44,12,1465.13,Approved,7904.48
RSK000601,2024-08-28,CUST0177,South,Property,60+,12,796.25,Pending,16291.06
RSK000602,2024-08-01,CUST0114,West,Auto,18-29,8,1489.4,Rejected,1568.14
RSK000603,2025-10-26,CUST0174,South,Life,18-29,3,1526.66,Pending,2471.63
RSK000604,2025-10-09,CUST0208,East,Health,60+,1,1149.9,Approved,4201.9
RSK000605,2025-10-28,CUST0066,South,Auto,30-44,7,1137.28,Approved,1434.9
RSK000606,2024-10-15,CUST0001,East,Health,60+,1,2083.57,Approved,1391.57
RSK000607,2024-07-30,CUST0247,East,Health,30-44,7,1499.16,Approved,1556.83
RSK000608,2024-12-04,CUST0141,East,Life,18-29,2,1305.8,Approved,1799.32
RSK000609,2024-12-29,CUST0027,West,Property,30-44,1,1459.24,Pending,5832.69
RSK000610,2024-11-12,CUST0070,West,Auto,30-44,4,1699.63,Approved,4022.6
RSK000611,2024-10-31,CUST0144,South,Health,30-44,10,1483.88,Approved,2076.71
RSK000612,2024-09-02,CUST0149,Central,Auto,30-44,12,1979.96,Approved,4978.06
RSK000613,2025-04-11,CUST0184,South,Health,30-44,1,990.27,Pending,2153.44
RSK000614,2025-01-15,CUST0254,West,Health,30-44,8,1476.8,Approved,7840.89
RSK000615,2024-07-18,CUST0006,West,Life,45-59,8,1493.87,Approved,3157.75
RSK000616,2025-05-21,CUST0189,West,Property,18-29,6,1777.41,Pending,1239.3
RSK000617,2024-12-21,CUST0154,Central,Health,18-29,2,987.17,Pending,1225.56
RSK000618,2025-07-11,CUST0256,East,Property,60+,3,956.96,Approved,9543.48
RSK000619,2025-08-17,CUST0006,West,Life,45-59,8,1571.54,Approved,2293.02
RSK000620,2024-09-01,CUST0188,North,Auto,30-44,8,1311.33,Approved,5339.83
RSK000621,2025-11-26,CUST0055,West,Auto,18-29,10,1227.15,Approved,2722.55
RSK000622,2025-03-31,CUST0232,North,Property,45-59,2,897.87,Approved,4823.54
RSK000623,2025-09-28,CUST0242,Central,Property,45-59,4,1306.21,Approved,5538.28
RSK000624,2025-01-20,CUST0275,West,Health,18-29,4,1832.34,Approved,5918.73
RSK000625,2025-08-24,CUST0019,West,Auto,45-59,1,1209.22,Approved,2064.65
RSK000626,2024-07-04,CUST0243,East,Property,45-59,10,1180.21,Approved,4662.91
RSK000627,2025-06-25,CUST0105,South,Auto,60+,9,1665.14,Approved,3680.3
RSK000628,2025-10-21,CUST0276,West,Life,30-44,3,1429.27,Approved,1207.08
RSK000629,2024-09-27,CUST0188,North,Auto,30-44,8,1420.34,Approved,6807.56
RSK000630,2025-10-18,CUST0279,Central,Property,45-59,2,1634.0,Approved,1963.96
RSK000631,2024-10-01,CUST0230,North,Health,45-59,2,2124.71,Approved,5276.73
RSK000632,2024-09-27,CUST0294,Central,Health,45-59,3,1677.87,Approved,2208.59
RSK000633,2024-07-21,CUST0103,Central,Auto,45-59,2,1997.27,Approved,704.49
RSK000634,2024-07-11,CUST0105,South,Auto,60+,9,1960.84,Approved,2959.72
RSK000635,2025-07-19,CUST0277,Central,Property,18-29,6,2119.61,Approved,8844.3
RSK000636,2025-03-10,CUST0018,North,Auto,18-29,10,1176.23,Approved,2593.05
RSK000637,2025-01-12,CUST0052,Central,Health,30-44,11,1618.78,Approved,1182.93
RSK000638,2024-11-13,CUST0073,South,Health,45-59,9,1468.31,Approved,420.89
RSK000639,2025-07-24,CUST0205,South,Property,18-29,5,1540.8,Approved,4224.65
RSK000640,2024-12-30,CUST0271,South,Health,30-44,8,1948.26,Approved,8817.0
RSK000641,2025-05-20,CUST0235,North,Health,60+,10,1064.84,Approved,1424.36
RSK000642,2025-01-09,CUST0125,West,Auto,30-44,11,2177.2,Approved,4336.82
RSK000643,2025-01-21,CUST0269,South,Auto,45-59,12,1290.15,Approved,9593.51
RSK000644,2025-04-29,CUST0084,South,Auto,45-59,6,2042.16,Approved,2146.57
RSK000645,2025-09-24,CUST0058,South,Health,30-44,4,1801.71,Approved,7710.76
RSK000646,2025-11-14,CUST0037,West,Auto,45-59,5,1068.95,Approved,2967.12
RSK000647,2025-07-08,CUST0161,West,Life,60+,9,600.0,Approved,455.74
RSK000648,2025-12-18,CUST0184,South,Health,30-44,1,888.41,Approved,2645.85
RSK000649,2024-12-22,CUST0053,South,Property,30-44,2,1498.46,Approved,8708.46
RSK000650,2025-07-30,CUST0105,South,Auto,60+,9,1923.5,Approved,3703.56
RSK000651,2025-02-01,CUST0203,West,Auto,45-59,1,1621.65,Pending,2224.73
RSK000652,2025-09-18,CUST0202,South,Property,45-59,6,1403.27,Approved,10244.5
RSK000653,2025-04-22,CUST0124,Central,Health,45-59,11,1013.58,Approved,1817.9
RSK000654,2025-11-28,CUST0179,Central,Property,18-29,4,1096.04,Approved,2514.25
RSK000655,2025-04-02,CUST0036,East,Auto,45-59,5,2193.21,Approved,5310.29
RSK000656,2025-02-01,CUST0008,West,Property,60+,10,1725.4,Approved,11656.44
RSK000657,2025-10-22,CUST0162,Central,Health,45-59,4,2073.15,Approved,1278.44
RSK000658,2024-10-27,CUST0089,South,Health,45-59,12,1478.5,Approved,924.81
RSK000659,2025-01-07,CUST0253,Central,Auto,30-44,5,824.94,Approved,1716.98
RSK000660,2025-10-22,CUST0013,West,Life,45-59,10,1981.67,Approved,1234.63
RSK000661,2025-07-17,CUST0216,Central,Health,30-44,7,1870.83,Approved,2467.85
RSK000662,2024-08-04,CUST0076,South,Auto,60+,1,1297.02,Approved,1936.22
RSK000663,2024-10-16,CUST0110,North,Health,30-44,8,2257.09,Approved,1240.29
RSK000664,2024-07-09,CUST0107,West,Life,30-44,10,1618.72,Approved,3302.07
RSK000665,2025-10-30,CUST0251,North,Life,30-44,12,1512.0,Approved,460.92
RSK000666,2024-10-11,CUST0256,East,Property,60+,3,969.39,Approved,1227.86
RSK000667,2025-07-02,CUST0117,South,Life,18-29,5,2432.52,Approved,1600.68
RSK000668,2025-10-22,CUST0141,East,Life,18-29,2,1292.9,Approved,2460.56
RSK000669,2024-07-23,CUST0276,West,Life,30-44,3,1385.22,Approved,1173.96
RSK000670,2025-10-11,CUST0161,West,Life,60+,9,600.0,Approved,1318.96
RSK000671,2025-09-19,CUST0147,East,Health,60+,6,1046.63,Approved,4144.87
RSK000672,2025-10-28,CUST0285,South,Property,30-44,1,1189.51,Rejected,3714.15
RSK000673,2025-03-16,CUST0220,Central,Health,60+,9,2010.85,Approved,1245.67
RSK000674,2025-06-11,CUST0188,North,Auto,30-44,8,1491.65,Approved,4195.19
RSK000675,2025-08-15,CUST0205,South,Property,18-29,5,1342.93,Approved,4723.3
RSK000676,2025-02-25,CUST0125,West,Auto,30-44,11,2156.61,Approved,785.33
RSK000677,2025-12-02,CUST0253,Central,Auto,30-44,5,769.01,Approved,2185.46
RSK000678,2025-09-10,CUST0032,South,Health,45-59,8,840.87,Approved,1175.13
RSK000679,2025-08-15,CUST0127,South,Health,30-44,4,1610.63,Approved,2125.23
RSK000680,2024-12-15,CUST0122,East,Property,30-44,9,1746.73,Approved,4814.92
RSK000681,2025-05-04,CUST0049,North,Auto,60+,12,2095.54,Pending,1605.27
RSK000682,2025-12-19,CUST0054,East,Property,45-59,6,1658.17,Approved,3460.96
RSK000683,2024-11-20,CUST0174,South,Life,18-29,3,1351.37,Approved,6914.65
RSK000684,2025-06-07,CUST0283,North,Auto,30-44,8,1602.91,Rejected,2848.64
RSK000685,2024-08-25,CUST0268,South,Property,18-29,9,1232.1,Pending,6395.22
RSK000686,2025-05-13,CUST0193,West,Property,45-59,2,1215.53,Rejected,4415.1
RSK000687,2024-11-22,CUST0233,North,Auto,30-44,1,1427.98,Rejected,1203.76
RSK000688,2025-10-13,CUST0227,West,Health,30-44,1,1560.42,Approved,3459.51
RSK000689,2025-10-15,CUST0045,North,Auto,30-44,10,1482.11,Approved,2873.56
RSK000690,2024-11-29,CUST0130,Central,Health,18-29,2,1527.21,Approved,2046.36
RSK000691,2024-12-24,CUST0273,Central,Auto,30-44,5,1014.56,Approved,3949.61
RSK000692,2024-09-21,CUST0154,Central,Health,18-29,2,949.11,Approved,5418.34
RSK000693,2025-01-25,CUST0177,South,Property,60+,12,827.49,Approved,9025.27
RSK000694,2025-03-08,CUST0225,South,Health,18-29,2,1342.43,Approved,1953.17
RSK000695,2025-07-19,CUST0208,East,Health,60+,1,1292.38,Approved,3188.37
RSK000696,2024-12-11,CUST0246,West,Auto,45-59,7,973.79,Approved,7052.38
RSK000697,2025-10-26,CUST0295,West,Auto,45-59,11,1338.4,Approved,4149.94
RSK000698,2025-08-08,CUST0214,North,Auto,45-59,5,1629.35,Approved,4573.76
RSK000699,2025-10-27,CUST0277,Central,Property,18-29,6,2117.55,Approved,3704.86
RSK000700,2025-10-18,CUST0091,East,Auto,60+,3,1438.18,Approved,3472.39
RSK000701,2024-10-07,CUST0128,Central,Auto,45-59,12,1105.41,Approved,3538.47
RSK000702,2025-05-22,CUST0235,North,Health,60+,10,1261.73,Approved,1266.77
RSK000703,2024-11-14,CUST0025,North,Life,60+,9,2010.71,Approved,1463.89
RSK000704,2025-05-31,CUST0053,South,Property,30-44,2,1536.51,Pending,12171.72
RSK000705,2025-09-08,CUST0006,West,Life,45-59,8,1694.08,Approved,3696.32
RSK000706,2025-12-29,CUST0274,West,Auto,30-44,12,1317.73,Approved,4624.26
RSK000707,2025-11-13,CUST0013,West,Life,45-59,10,1975.85,Approved,770.07
RSK000708,2024-07-28,CUST0006,West,Life,45-59,8,1614.16,Approved,5363.03
RSK000709,2024-12-30,CUST0004,North,Property,60+,2,1293.89,Approved,7237.21
RSK000710,2025-07-13,CUST0181,Central,Health,18-29,8,1482.0,Approved,3078.2
RSK000711,2025-11-26,CUST0286,Central,Health,30-44,11,992.77,Rejected,1746.91
RSK000712,2025-08-12,CUST0084,South,Auto,45-59,6,2352.86,Pending,2230.4
RSK000713,2025-02-21,CUST0116,East,Property,18-29,2,1593.48,Approved,6844.91
RSK000714,2025-01-09,CUST0255,South,Health,30-44,4,1994.58,Approved,3390.44
RSK000715,2025-05-06,CUST0068,South,Property,18-29,3,1754.59,Approved,3258.07
RSK000716,2025-06-13,CUST0102,North,Property,45-59,11,600.0,Approved,1829.97
RSK000717,2025-01-01,CUST0025,North,Life,60+,9,1935.93,Approved,246.85
RSK000718,2025-04-18,CUST0100,South,Life,30-44,11,1538.14,Approved,1627.26
RSK000719,2025-11-05,CUST0160,South,Auto,45-59,10,1245.81,Approved,6421.13
RSK000720,2025-09-05,CUST0237,West,Life,30-44,4,1896.18,Approved,1240.64
RSK000721,2025-08-12,CUST0046,South,Property,30-44,1,1677.71,Approved,3437.41
RSK000722,2024-10-17,CUST0211,East,Auto,45-59,12,924.69,Approved,723.03
RSK000723,2024-09-23,CUST0008,West,Property,60+,10,1636.16,Approved,5808.49
RSK000724,2024-10-12,CUST0195,Central,Life,30-44,7,849.58,Approved,2905.65
RSK000725,2025-08-19,CUST0268,South,Property,18-29,9,1223.34,Rejected,3681.0
RSK000726,2024-07-13,CUST0126,North,Health,45-59,12,994.35,Approved,2535.75
RSK000727,2024-11-09,CUST0208,East,Health,60+,1,1297.41,Approved,5249.23
RSK000728,2025-07-29,CUST0123,East,Health,18-29,4,1558.53,Approved,1554.5
RSK000729,2024-07-12,CUST0230,North,Health,45-59,2,2161.63,Approved,2076.18
RSK000730,2025-08-16,CUST0024,South,Health,18-29,1,2416.51,Approved,2417.64
RSK000731,2024-08-25,CUST0048,South,Health,45-59,5,986.01,Approved,4078.4
RSK000732,2025-03-22,CUST0264,North,Auto,60+,12,1080.27,Approved,10488.13
RSK000733,2024-10-27,CUST0144,South,Health,30-44,10,1529.62,Approved,1367.67
RSK000734,2025-10-05,CUST0099,West,Health,45-59,7,1793.46,Approved,655.08
RSK000735,2025-10-28,CUST0261,North,Health,30-44,12,1547.19,Approved,3866.75
RSK000736,2025-12-30,CUST0254,West,Health,30-44,8,1598.69,Pending,5083.76
RSK000737,2024-10-23,CUST0245,North,Auto,30-44,12,1104.44,Rejected,1090.65
RSK000738,2025-09-08,CUST0239,North,Auto,45-59,9,1567.68,Approved,1234.5
RSK000739,2025-07-28,CUST0264,North,Auto,60+,12,1038.18,Pending,6903.95
RSK000740,2024-09-20,CUST0098,Central,Health,30-44,10,777.12,Approved,3835.51
RSK000741,2025-06-11,CUST0184,South,Health,30-44,1,918.89,Pending,3799.64
RSK000742,2025-03-22,CUST0130,Central,Health,18-29,2,1494.93,Approved,4283.24
RSK000743,2025-10-09,CUST0241,South,Auto,18-29,5,1245.19,Approved,1304.6
RSK000744,2025-10-19,CUST0192,East,Property,30-44,9,1031.67,Approved,10064.06
RSK000745,2024-11-02,CUST0066,South,Auto,30-44,7,964.99,Rejected,2377.73
RSK000746,2025-10-15,CUST0261,North,Health,30-44,12,1495.68,Approved,2280.84
RSK000747,2025-07-14,CUST0228,South,Property,18-29,11,1354.17,Approved,8206.19
RSK000748,2025-06-11,CUST0100,South,Life,30-44,11,1560.38,Approved,1892.71
RSK000749,2024-07-25,CUST0004,North,Property,60+,2,1121.18,Approved,4652.98
RSK000750,2024-12-31,CUST0170,North,Auto,45-59,5,1634.91,Approved,3956.87
RSK000751,2025-09-01,CUST0089,South,Health,45-59,12,1403.88,Approved,1757.25
RSK000752,2025-05-29,CUST0175,Central,Auto,18-29,8,1186.18,Approved,2246.88
RSK000753,2024-08-06,CUST0021,East,Property,45-59,5,1499.04,Approved,1228.3
RSK000754,2025-07-01,CUST0273,Central,Auto,30-44,5,1047.74,Approved,6524.14
RSK000755,2025-12-27,CUST0043,West,Auto,45-59,6,1906.02,Approved,2189.95
RSK000756,2025-03-12,CUST0217,South,Life,45-59,3,1311.49,Approved,1360.52
RSK000757,2025-12-30,CUST0247,East,Health,30-44,7,1513.5,Approved,2447.01
RSK000758,2024-11-26,CUST0089,South,Health,45-59,12,1223.71,Approved,1728.53
RSK000759,2025-09-15,CUST0084,South,Auto,45-59,6,2054.04,Pending,6023.91
RSK000760,2025-06-19,CUST0183,North,Property,30-44,5,1600.02,Pending,8823.24
RSK000761,2025-03-07,CUST0226,East,Auto,30-44,11,1354.99,Pending,2145.68
RSK000762,2025-12-19,CUST0105,South,Auto,60+,9,1703.54,Approved,8459.19
RSK000763,2024-08-11,CUST0027,West,Property,30-44,1,1560.32,Approved,9865.62
RSK000764,2025-07-17,CUST0031,North,Health,30-44,2,1333.27,Approved,2920.2
RSK000765,2024-10-12,CUST0226,East,Auto,30-44,11,1483.17,Approved,1053.06
RSK000766,2024-09-19,CUST0076,South,Auto,60+,1,1152.77,Approved,6499.04
RSK000767,2025-05-06,CUST0167,Central,Health,30-44,7,2070.36,Approved,1179.95
RSK000768,2024-07-23,CUST0154,Central,Health,18-29,2,905.02,Approved,4017.17
RSK000769,2025-03-21,CUST0171,West,Property,30-44,10,1674.45,Approved,1601.01
RSK000770,2024-09-20,CUST0070,West,Auto,30-44,4,1444.0,Rejected,10686.36
RSK000771,2025-09-17,CUST0094,West,Property,45-59,2,1349.74,Pending,6120.5
RSK000772,2025-01-13,CUST0265,Central,Auto,60+,1,1658.87,Approved,811.57
RSK000773,2025-05-07,CUST0181,Central,Health,18-29,8,1607.51,Approved,1818.65
RSK000774,2025-03-07,CUST0125,West,Auto,30-44,11,2091.45,Approved,1217.67
RSK000775,2024-08-20,CUST0212,East,Health,30-44,7,1162.86,Approved,1431.24
RSK000776,2025-10-28,CUST0039,West,Health,18-29,6,1552.56,Approved,2752.57
RSK000777,2025-09-21,CUST0217,South,Life,45-59,3,1263.0,Approved,3988.14
RSK000778,2025-01-07,CUST0151,East,Life,18-29,11,1153.8,Approved,2807.33
RSK000779,2024-08-16,CUST0191,Central,Auto,30-44,2,1393.69,Approved,6356.32
RSK000780,2025-01-02,CUST0261,North,Health,30-44,12,1545.45,Approved,2253.41
RSK000781,2025-04-06,CUST0039,West,Health,18-29,6,1670.25,Approved,4097.36
RSK000782,2025-01-29,CUST0181,Central,Health,18-29,8,1525.48,Approved,2012.17
RSK000783,2025-08-29,CUST0026,South,Property,60+,9,1460.72,Approved,6311.93
RSK000784,2025-04-08,CUST0168,Central,Life,60+,3,1559.64,Approved,902.81
RSK000785,2025-05-22,CUST0195,Central,Life,30-44,7,949.58,Approved,2207.51
RSK000786,2025-02-16,CUST0215,East,Property,45-59,4,1280.05,Approved,1996.36
RSK000787,2025-05-29,CUST0091,East,Auto,60+,3,1457.33,Approved,5488.73
RSK000788,2025-04-21,CUST0113,Central,Health,45-59,12,1803.99,Approved,1474.01
RSK000789,2025-10-15,CUST0144,South,Health,30-44,10,1401.31,Approved,3421.67
RSK000790,2025-06-02,CUST0110,North,Health,30-44,8,2294.31,Approved,2903.3
RSK000791,2025-10-31,CUST0005,West,Property,30-44,2,1631.95,Pending,2036.92
RSK000792,2024-07-13,CUST0209,North,Auto,45-59,11,939.13,Approved,2911.92
RSK000793,2025-05-24,CUST0235,North,Health,60+,10,1158.0,Approved,2963.15
RSK000794,2025-09-29,CUST0075,East,Auto,60+,12,1662.15,Approved,1495.37
RSK000795,2025-11-23,CUST0181,Central,Health,18-29,8,1654.97,Approved,2396.57
RSK000796,2024-12-22,CUST0103,Central,Auto,45-59,2,2183.52,Approved,1367.45
RSK000797,2025-03-19,CUST0052,Central,Health,30-44,11,1638.76,Approved,677.5
RSK000798,2024-09-19,CUST0035,South,Health,60+,12,1379.07,Approved,756.78
RSK000799,2025-06-19,CUST0127,South,Health,30-44,4,1520.84,Approved,1983.41
RSK000800,2025-12-25,CUST0198,West,Health,30-44,7,1499.23,Approved,3676.52
RSK000801,2025-04-25,CUST0253,Central,Auto,30-44,5,818.46,Approved,4851.55
RSK000802,2025-10-06,CUST0047,South,Health,30-44,7,1670.73,Approved,1715.33
RSK000803,2024-07-31,CUST0187,South,Auto,60+,9,1124.21,Approved,1656.17
RSK000804,2024-12-18,CUST0039,West,Health,18-29,6,1495.46,Approved,2647.95
RSK000805,2025-09-15,CUST0052,Central,Health,30-44,11,1662.99,Approved,3015.99
RSK000806,2024-07-24,CUST0264,North,Auto,60+,12,1145.12,Approved,7866.88
RSK000807,2025-04-17,CUST0106,East,Auto,45-59,4,1151.85,Approved,1858.87
RSK000808,2025-11-15,CUST0176,Central,Auto,18-29,2,1462.07,Pending,1525.99
RSK000809,2025-07-20,CUST0122,East,Property,30-44,9,1789.47,Pending,4248.04
RSK000810,2024-11-12,CUST0131,North,Property,60+,8,1592.38,Approved,4468.21
RSK000811,2024-11-04,CUST0023,East,Health,45-59,7,1568.21,Approved,1542.97
RSK000812,2025-02-09,CUST0254,West,Health,30-44,8,1448.18,Approved,8204.65
RSK000813,2024-10-22,CUST0147,East,Health,60+,6,1094.04,Approved,4216.21
RSK000814,2024-12-30,CUST0087,East,Health,45-59,7,1970.25,Rejected,4367.47
RSK000815,2025-08-15,CUST0038,North,Property,45-59,6,1007.81,Approved,3333.35
RSK000816,2025-06-26,CUST0181,Central,Health,18-29,8,1644.87,Approved,1001.74
RSK000817,2025-09-02,CUST0208,East,Health,60+,1,1213.42,Pending,2494.46
RSK000818,2025-04-12,CUST0134,West,Auto,30-44,1,1655.06,Approved,1647.8
RSK000819,2025-07-07,CUST0117,South,Life,18-29,5,2087.08,Approved,2812.01
RSK000820,2025-05-22,CUST0118,South,Property,45-59,5,1348.71,Approved,6345.17
RSK000821,2025-12-28,CUST0136,East,Auto,30-44,4,1625.98,Approved,3250.79
RSK000822,2025-08-18,CUST0181,Central,Health,18-29,8,1468.51,Approved,3778.94
RSK000823,2025-10-19,CUST0248,West,Health,30-44,7,1193.42,Approved,5126.84
RSK000824,2025-10-04,CUST0246,West,Auto,45-59,7,1041.76,Approved,8917.58
RSK000825,2024-12-29,CUST0127,South,Health,30-44,4,1698.43,Approved,7587.27
RSK000826,2024-07-04,CUST0067,Central,Property,45-59,4,1021.91,Approved,6069.47
RSK000827,2025-06-08,CUST0177,South,Property,60+,12,803.42,Approved,10054.49
RSK000828,2024-12-24,CUST0238,Central,Life,60+,2,1262.12,Approved,1028.64
RSK000829,2024-10-09,CUST0069,North,Health,30-44,2,1329.14,Approved,3383.49
RSK000830,2025-09-02,CUST0053,South,Property,30-44,2,1520.49,Pending,4022.67
RSK000831,2025-08-25,CUST0063,South,Property,30-44,6,1810.1,Approved,5456.12
RSK000832,2024-07-30,CUST0154,Central,Health,18-29,2,983.62,Approved,2432.64
RSK000833,2024-11-19,CUST0118,South,Property,45-59,5,1526.81,Approved,5827.86
RSK000834,2025-11-28,CUST0018,North,Auto,18-29,10,1170.8,Pending,1667.49
RSK000835,2025-08-23,CUST0177,South,Property,60+,12,868.79,Pending,10105.17
RSK000836,2025-05-29,CUST0283,North,Auto,30-44,8,1544.59,Approved,4477.88
RSK000837,2024-12-18,CUST0028,West,Auto,30-44,6,1355.96,Approved,2137.65
RSK000838,2025-10-27,CUST0197,West,Life,45-59,3,1311.97,Approved,996.42
RSK000839,2025-07-15,CUST0278,East,Auto,45-59,11,1696.31,Approved,2187.42
RSK000840,2025-08-03,CUST0054,East,Property,45-59,6,1426.25,Approved,3980.28
RSK000841,2025-01-14,CUST0038,North,Property,45-59,6,940.95,Rejected,1984.04
RSK000842,2024-12-13,CUST0294,Central,Health,45-59,3,1807.74,Approved,638.64
RSK000843,2025-03-03,CUST0280,South,Property,30-44,3,1245.89,Approved,5317.22
RSK000844,2025-01-21,CUST0022,North,Auto,60+,3,1125.33,Approved,1784.92
RSK000845,2025-04-27,CUST0208,East,Health,60+,1,1252.53,Approved,2950.02
RSK000846,2024-08-01,CUST0127,South,Health,30-44,4,1407.8,Approved,845.75
RSK000847,2025-10-16,CUST0101,East,Health,60+,8,1683.09,Approved,2446.8
RSK000848,2025-09-28,CUST0094,West,Property,45-59,2,1436.8,Pending,4360.22
RSK000849,2024-12-29,CUST0070,West,Auto,30-44,4,1444.62,Pending,6791.82
RSK000850,2025-11-25,CUST0210,East,Auto,18-29,7,2081.71,Approved,2109.34
RSK000851,2025-06-05,CUST0147,East,Health,60+,6,1156.39,Pending,3112.34
RSK000852,2024-12-11,CUST0107,West,Life,30-44,10,1758.49,Approved,1548.73
RSK000853,2024-09-10,CUST0296,West,Life,30-44,1,1341.98,Approved,1099.71
RSK000854,2024-08-03,CUST0068,South,Property,18-29,3,1818.92,Approved,3504.24
RSK000855,2025-08-21,CUST0126,North,Health,45-59,12,1149.09,Rejected,4455.74
RSK000856,2025-10-25,CUST0100,South,Life,30-44,11,1643.82,Rejected,1515.05
RSK000857,2024-09-11,CUST0128,Central,Auto,45-59,12,1204.59,Rejected,4926.99
RSK000858,2025-03-24,CUST0264,North,Auto,60+,12,1028.43,Pending,5702.24
RSK000859,2024-11-01,CUST0216,Central,Health,30-44,7,1750.86,Approved,3416.73
RSK000860,2025-12-29,CUST0125,West,Auto,30-44,11,2029.63,Approved,728.52
RSK000861,2025-09-23,CUST0298,Central,Auto,30-44,6,1250.03,Approved,954.02
RSK000862,2024-08-31,CUST0039,West,Health,18-29,6,1424.23,Approved,8738.38
RSK000863,2025-08-12,CUST0280,South,Property,30-44,3,1443.68,Rejected,2635.66
RSK000864,2024-08-10,CUST0208,East,Health,60+,1,1214.03,Approved,1992.81
RSK000865,2025-12-06,CUST0128,Central,Auto,45-59,12,1152.27,Approved,7948.04
RSK000866,2025-09-24,CUST0052,Central,Health,30-44,11,1579.55,Approved,2626.41
RSK000867,2024-11-05,CUST0173,Central,Property,18-29,2,1507.37,Approved,3272.27
RSK000868,2025-03-26,CUST0006,West,Life,45-59,8,1541.62,Approved,2055.9
RSK000869,2024-10-23,CUST0245,North,Auto,30-44,12,1238.38,Approved,2486.94
RSK000870,2025-07-11,CUST0177,South,Property,60+,12,908.27,Approved,5799.17
RSK000871,2025-06-13,CUST0228,South,Property,18-29,11,1429.35,Approved,3504.23
RSK000872,2025-03-06,CUST0079,North,Auto,60+,2,1943.31,Rejected,2779.97
RSK000873,2025-02-01,CUST0185,West,Property,18-29,8,1106.66,Approved,1412.37
RSK000874,2025-06-03,CUST0228,South,Property,18-29,11,1265.39,Approved,5695.38
RSK000875,2024-09-14,CUST0181,Central,Health,18-29,8,1646.55,Approved,2975.3
RSK000876,2025-11-16,CUST0027,West,Property,30-44,1,1500.08,Approved,4954.31
RSK000877,2025-03-24,CUST0172,West,Auto,30-44,11,1519.73,Approved,3040.74
RSK000878,2025-09-29,CUST0061,North,Auto,30-44,3,1555.84,Approved,4712.23
RSK000879,2025-10-05,CUST0263,East,Health,45-59,5,1663.83,Approved,2294.22
RSK000880,2025-04-08,CUST0252,West,Property,18-29,12,1717.24,Approved,8193.66
RSK000881,2024-11-21,CUST0231,West,Health,30-44,4,1358.54,Approved,1454.58
RSK000882,2025-04-22,CUST0083,North,Health,18-29,5,1256.82,Approved,1471.99
RSK000883,2025-07-15,CUST0073,South,Health,45-59,9,1419.71,Approved,4207.11
RSK000884,2025-04-25,CUST0129,South,Auto,30-44,2,1460.5,Approved,6428.93
RSK000885,2024-12-10,CUST0024,South,Health,18-29,1,2018.43,Approved,1669.78
RSK000886,2025-05-09,CUST0064,Central,Auto,60+,12,804.64,Approved,2263.71
RSK000887,2025-09-24,CUST0124,Central,Health,45-59,11,1115.44,Approved,3107.04
RSK000888,2024-12-06,CUST0276,West,Life,30-44,3,1355.68,Approved,1414.18
RSK000889,2024-11-09,CUST0048,South,Health,45-59,5,967.64,Approved,7694.56
RSK000890,2025-04-26,CUST0206,East,Life,30-44,6,1516.65,Rejected,445.81
RSK000891,2025-03-21,CUST0275,West,Health,18-29,4,2060.89,Approved,1662.34
RSK000892,2024-07-29,CUST0266,South,Property,45-59,2,869.08,Rejected,9091.97
RSK000893,2025-05-07,CUST0069,North,Health,30-44,2,1388.53,Approved,2455.46
RSK000894,2024-07-13,CUST0041,South,Property,30-44,2,2185.84,Approved,4181.13
RSK000895,2025-12-03,CUST0151,East,Life,18-29,11,1141.59,Approved,3392.08
RSK000896,2025-12-12,CUST0236,North,Health,30-44,5,1947.84,Approved,906.27
RSK000897,2024-12-22,CUST0126,North,Health,45-59,12,987.89,Pending,3612.49
RSK000898,2024-12-07,CUST0277,Central,Property,18-29,6,2172.83,Approved,6970.42
RSK000899,2025-11-26,CUST0246,West,Auto,45-59,7,1075.94,Approved,3486.22
RSK000900,2025-07-19,CUST0208,East,Health,60+,1,1273.84,Approved,2974.04
RSK000901,2025-11-09,CUST0178,North,Auto,60+,2,1332.58,Approved,687.37
RSK000902,2025-12-20,CUST0129,South,Auto,30-44,2,1469.01,Approved,3606.82
RSK000903,2025-11-08,CUST0230,North,Health,45-59,2,2104.59,Pending,1776.82
RSK000904,2024-07-15,CUST0061,North,Auto,30-44,3,1817.58,Approved,3463.14
RSK000905,2024-09-05,CUST0272,South,Life,30-44,12,1620.03,Approved,2328.6
RSK000906,2025-05-13,CUST0259,South,Auto,60+,11,1126.92,Approved,2359.68
RSK000907,2024-12-01,CUST0282,South,Auto,30-44,6,1362.19,Approved,2823.81
RSK000908,2024-10-31,CUST0149,Central,Auto,30-44,12,1851.05,Approved,3731.93
RSK000909,2025-07-01,CUST0074,West,Health,45-59,1,964.3,Approved,1714.97
RSK000910,2024-07-13,CUST0090,South,Property,45-59,3,1480.37,Rejected,10363.27
RSK000911,2025-12-19,CUST0262,North,Health,30-44,10,1554.76,Pending,2666.8
RSK000912,2025-01-24,CUST0278,East,Auto,45-59,11,1645.62,Approved,1851.0
RSK000913,2024-08-03,CUST0099,West,Health,45-59,7,1770.92,Approved,1640.86
RSK000914,2024-10-10,CUST0037,West,Auto,45-59,5,982.6,Pending,9022.44
RSK000915,2025-12-02,CUST0249,Central,Property,45-59,2,1642.56,Approved,4123.44
RSK000916,2025-12-30,CUST0233,North,Auto,30-44,1,1507.64,Rejected,950.54
RSK000917,2024-09-20,CUST0278,East,Auto,45-59,11,1528.26,Pending,4265.35
RSK000918,2024-08-27,CUST0210,East,Auto,18-29,7,1960.19,Approved,3974.15
RSK000919,2025-12-18,CUST0264,North,Auto,60+,12,1053.07,Approved,4758.12
RSK000920,2025-03-20,CUST0147,East,Health,60+,6,1140.75,Rejected,3158.77
RSK000921,2025-01-04,CUST0118,South,Property,45-59,5,1334.97,Approved,6262.59
RSK000922,2025-03-08,CUST0059,North,Life,30-44,1,1712.56,Approved,1587.76
RSK000923,2025-10-11,CUST0154,Central,Health,18-29,2,1007.51,Approved,5557.67
RSK000924,2025-03-30,CUST0255,South,Health,30-44,4,1958.4,Approved,4153.53
RSK000925,2024-10-02,CUST0032,South,Health,45-59,8,924.69,Approved,2797.75
RSK000926,2024-09-04,CUST0111,South,Life,60+,5,1488.19,Pending,3099.95
RSK000927,2024-11-13,CUST0223,South,Life,18-29,9,1542.28,Approved,2931.39
RSK000928,2024-09-01,CUST0012,Central,Property,60+,4,1659.35,Approved,3680.25
RSK000929,2025-03-07,CUST0210,East,Auto,18-29,7,2116.54,Approved,1777.0
RSK000930,2025-11-01,CUST0277,Central,Property,18-29,6,2170.52,Approved,4549.16
RSK000931,2024-08-22,CUST0244,West,Health,18-29,12,1071.44,Approved,3117.64
RSK000932,2024-09-13,CUST0115,Central,Health,60+,4,1459.73,Approved,1158.82
RSK000933,2024-10-28,CUST0105,South,Auto,60+,9,1845.41,Approved,5569.98
RSK000934,2025-10-31,CUST0153,South,Life,45-59,9,1228.26,Approved,1793.92
RSK000935,2025-02-06,CUST0041,South,Property,30-44,2,2236.27,Approved,5325.62
RSK000936,2025-05-04,CUST0206,East,Life,30-44,6,1492.14,Approved,826.99
RSK000937,2025-09-14,CUST0127,South,Health,30-44,4,1531.71,Rejected,2062.59
RSK000938,2024-10-23,CUST0254,West,Health,30-44,8,1627.95,Approved,5456.63
RSK000939,2025-09-27,CUST0128,Central,Auto,45-59,12,1176.04,Approved,5960.7
RSK000940,2025-01-16,CUST0154,Central,Health,18-29,2,951.56,Approved,2156.67
RSK000941,2025-10-11,CUST0184,South,Health,30-44,1,989.58,Pending,3899.33
RSK000942,2025-03-15,CUST0105,South,Auto,60+,9,1674.19,Approved,3342.7
RSK000943,2025-04-04,CUST0063,South,Property,30-44,6,1821.95,Approved,4189.48
RSK000944,2024-12-28,CUST0037,West,Auto,45-59,5,932.69,Approved,4215.01
RSK000945,2025-11-07,CUST0223,South,Life,18-29,9,1815.2,Approved,1230.91
RSK000946,2025-05-03,CUST0154,Central,Health,18-29,2,957.08,Approved,2885.15
RSK000947,2025-12-27,CUST0116,East,Property,18-29,2,1616.03,Approved,5498.25
RSK000948,2025-04-08,CUST0008,West,Property,60+,10,1837.64,Approved,10308.86
RSK000949,2025-11-28,CUST0069,North,Health,30-44,2,1171.52,Approved,6251.77
RSK000950,2025-09-24,CUST0104,West,Health,30-44,9,1385.5,Approved,1247.7
RSK000951,2025-01-03,CUST0209,North,Auto,45-59,11,960.8,Approved,1896.72
RSK000952,2025-05-23,CUST0149,Central,Auto,30-44,12,2203.63,Pending,4011.06
RSK000953,2025-12-04,CUST0234,South,Auto,60+,1,2234.6,Approved,2316.48
RSK000954,2024-12-15,CUST0262,North,Health,30-44,10,1357.69,Approved,2200.44
RSK000955,2025-09-16,CUST0218,South,Life,30-44,10,1499.85,Approved,4233.54
RSK000956,2024-10-05,CUST0102,North,Property,45-59,11,600.0,Pending,2136.09
RSK000957,2025-09-27,CUST0001,East,Health,60+,1,1865.21,Approved,1458.69
RSK000958,2025-01-04,CUST0020,South,Auto,60+,8,1498.44,Approved,1486.75
RSK000959,2024-10-20,CUST0174,South,Life,18-29,3,1368.5,Approved,1377.0
RSK000960,2025-02-04,CUST0265,Central,Auto,60+,1,1631.62,Approved,1430.36
RSK000961,2025-05-09,CUST0150,East,Auto,18-29,8,1114.37,Approved,1486.43
RSK000962,2025-12-26,CUST0090,South,Property,45-59,3,1331.66,Approved,8129.68
RSK000963,2025-05-04,CUST0053,South,Property,30-44,2,1714.82,Pending,6662.82
RSK000964,2025-02-01,CUST0038,North,Property,45-59,6,856.95,Approved,1839.38
RSK000965,2024-12-06,CUST0272,South,Life,30-44,12,1560.12,Approved,2089.76
RSK000966,2025-01-13,CUST0022,North,Auto,60+,3,1362.99,Approved,8276.25
RSK000967,2024-12-23,CUST0073,South,Health,45-59,9,1583.12,Rejected,1815.51
RSK000968,2024-12-08,CUST0004,North,Property,60+,2,1226.45,Approved,6760.47
RSK000969,2025-12-11,CUST0241,South,Auto,18-29,5,1431.86,Pending,1943.53
RSK000970,2025-08-31,CUST0087,East,Health,45-59,7,1734.18,Approved,3718.18
RSK000971,2025-04-02,CUST0116,East,Property,18-29,2,1544.08,Approved,4138.45
RSK000972,2025-03-27,CUST0216,Central,Health,30-44,7,1761.27,Approved,2064.02
RSK000973,2025-05-07,CUST0092,North,Auto,30-44,10,1437.93,Approved,2248.03
RSK000974,2025-05-10,CUST0197,West,Life,45-59,3,1343.78,Approved,2619.02
RSK000975,2025-06-28,CUST0169,South,Auto,45-59,11,1521.34,Rejected,1184.63
RSK000976,2025-05-19,CUST0008,West,Property,60+,10,1596.72,Approved,3966.99
RSK000977,2025-09-09,CUST0282,South,Auto,30-44,6,1523.35,Approved,2972.6
RSK000978,2025-09-01,CUST0058,South,Health,30-44,4,1820.36,Approved,4206.16
RSK000979,2025-08-18,CUST0279,Central,Property,45-59,2,1408.34,Approved,2013.76
RSK000980,2025-08-23,CUST0289,North,Auto,45-59,6,1038.63,Approved,1889.85
RSK000981,2024-11-21,CUST0243,East,Property,45-59,10,1207.17,Pending,1532.99
RSK000982,2025-04-07,CUST0045,North,Auto,30-44,10,1511.33,Approved,2084.89
RSK000983,2025-01-24,CUST0273,Central,Auto,30-44,5,1150.43,Approved,6895.94
RSK000984,2025-03-20,CUST0021,East,Property,45-59,5,1579.03,Approved,3231.37
RSK000985,2025-07-18,CUST0093,North,Auto,45-59,8,1750.92,Approved,1825.78
RSK000986,2025-09-11,CUST0184,South,Health,30-44,1,956.93,Rejected,2281.82
RSK000987,2025-05-30,CUST0117,South,Life,18-29,5,2122.69,Approved,1461.0
RSK000988,2025-01-21,CUST0090,South,Property,45-59,3,1420.73,Rejected,6842.34
RSK000989,2025-11-28,CUST0186,South,Health,60+,11,1849.05,Approved,2641.95
RSK000990,2025-04-07,CUST0063,South,Property,30-44,6,1840.6,Approved,4692.0
RSK000991,2025-03-06,CUST0248,West,Health,30-44,7,1104.99,Approved,7521.97
RSK000992,2025-11-04,CUST0006,West,Life,45-59,8,1648.07,Pending,1800.52
RSK000993,2025-10-25,CUST0094,West,Property,45-59,2,1337.73,Pending,1724.95
RSK000994,2024-08-17,CUST0119,West,Auto,60+,12,1392.84,Rejected,4350.03
RSK000995,2025-08-04,CUST0045,North,Auto,30-44,10,1333.43,Approved,1668.86
RSK000996,2025-11-11,CUST0038,North,Property,45-59,6,901.41,Approved,2486.23
RSK000997,2025-07-20,CUST0274,West,Auto,30-44,12,1248.64,Approved,6272.75
RSK000998,2024-08-27,CUST0268,South,Property,18-29,9,1145.87,Approved,12161.92
RSK000999,2025-04-09,CUST0163,South,Health,45-59,7,904.96,Approved,986.9
RSK001000,2025-09-22,CUST0236,North,Health,30-44,5,1958.46,Pending,665.56
